"","X","Special","Organization.Name","Majors","CompSci","Math.1","Degrees.Sought","Position.Types","US.Work.Authorization.Required.","variable","value"
"4",4,"Actuarial Section","AIG","All Majors",FALSE,FALSE,"BS, MS","FT, Intern","No","All.Majors","All Majors"
"12",12,NA,"AmeriCorps","All Majors",FALSE,FALSE,"BS, Cert, MS","FT","Yes","All.Majors","All Majors"
"15",15,NA,"Aon","All Majors",FALSE,FALSE,"BS","FT, Intern","Yes","All.Majors","All Majors"
"25",25,NA,"Blue Cross and Blue Shield of IL, MT, OK, NM and TX","All Majors",FALSE,FALSE,NA,"FT, Intern","Yes","All.Majors","All Majors"
"27",27,NA,"Booz Allen Hamilton","All Majors",FALSE,FALSE,"BS, MS","FT","Yes","All.Majors","All Majors"
"31",31,"Actuarial Section","Burns and Wilcox","All Majors",FALSE,FALSE,NA,"FT, Intern","Yes","All.Majors","All Majors"
"36",36,NA,"Charles Schwab & Co.","All Majors",FALSE,FALSE,"BS, MS","FT, Intern","Yes","All.Majors","All Majors"
"39",39,NA,"Citadel LLC","All Majors",FALSE,FALSE,NA,"FT, Intern","No","All.Majors","All Majors"
"42",42,NA,"Civilian Logistics Career Management Office (CLCMO)","All Majors",FALSE,FALSE,NA,"FT, Intern","No","All.Majors","All Majors"
"52",52,NA,"Cvent","All Majors",FALSE,FALSE,"BS, MS","FT","No","All.Majors","All Majors"
"58",58,NA,"Dimensional Fund Advisors","All Majors",FALSE,FALSE,NA,"FT, Intern","Yes","All.Majors","All Majors"
"83",83,NA,"Goldman Sachs","All Majors",FALSE,FALSE,"BS","Intern","No","All.Majors","All Majors"
"91",91,NA,"HMS -Â­â (Health Management System)","All Majors",FALSE,FALSE,"BA","Intern","Yes","All.Majors","All Majors"
"96",96,NA,"Identropy, Inc.","All Majors",FALSE,FALSE,NA,"FT","No","All.Majors","All Majors"
"98",98,NA,"Information Technology Services at the University of Texas in Austin","All Majors",FALSE,FALSE,NA,"FT, Intern","Yes","All.Majors","All Majors"
"124",124,NA,"o9 Solutions, Inc.","All Majors",FALSE,FALSE,NA,"FT, Intern","No","All.Majors","All Majors"
"132",132,NA,"Peace Corps","All Majors",FALSE,FALSE,"BS, MS","FT","Yes","All.Majors","All Majors"
"136",136,NA,"Periscope Holdings, Inc.","All Majors",FALSE,FALSE,NA,"FT","Yes","All.Majors","All Majors"
"155",155,NA,"Rx Wiki","All Majors",FALSE,FALSE,NA,"FT","Yes","All.Majors","All Majors"
"166",166,NA,"Spredfast","All Majors",FALSE,FALSE,NA,"FT, Intern","Yes","All.Majors","All Majors"
"172",172,NA,"Target Corporation","All Majors",FALSE,FALSE,"BS, MS","FT, Intern","Yes","All.Majors","All Majors"
"176",176,NA,"Texas Commission on Environmental Quality","All Majors",FALSE,FALSE,"BA, MS","Intern","Yes","All.Majors","All Majors"
"178",178,NA,"Texas Water Development Board","All Majors",FALSE,FALSE,"BA, Cert, MS, Ph.D.","FT, Intern","Yes","All.Majors","All Majors"
"190",190,"Technology Start Up Village","Umbel","All Majors",FALSE,FALSE,"BA, Cert, MS, Ph.D.","FT, Intern","No","All.Majors","All Majors"
"196",196,NA,"US Marine Corps Officer Selection Team Austin, TX","All Majors",FALSE,FALSE,NA,"FT, Intern","Yes","All.Majors","All Majors"
"197",197,NA,"US Navy","All Majors",FALSE,FALSE,"BA","FT","Yes","All.Majors","All Majors"
"200",200,NA,"UT Health School of Biomedical Informatics at Hou","All Majors",FALSE,FALSE,"BA","FT","No","All.Majors","All Majors"
"212",212,NA,"WP Engine","All Majors",FALSE,FALSE,"BS","FT","Yes","All.Majors","All Majors"
"213",213,NA,"Xerox","All Majors",FALSE,FALSE,NA,"FT","No","All.Majors","All Majors"
"215",215,NA,"YES Prep Public Schools","All Majors",FALSE,FALSE,"BS, MS, Ph.D.","FT, Intern","No","All.Majors","All Majors"
"216",1,NA,"AB (formerly AllianceBernstein)","CS",TRUE,FALSE,"BS, MS","FT, Intern","No","CS","CS"
"217",2,NA,"Adobe Systems ","Stats, CS",TRUE,TRUE,"BS, MS, Ph.D.","FT, Intern","No","CS","CS"
"218",3,NA,"Advisory Board Company","CS",TRUE,FALSE,"BS, MS","FT, Intern","No","CS","CS"
"219",4,"Actuarial Section","AIG","All Majors",FALSE,FALSE,"BS, MS","FT, Intern","No","CS","CS"
"220",5,NA,"Airbnb","Stats, Math, CS",TRUE,TRUE,"BS, MS, Ph.D.","FT, Intern","No","CS","CS"
"221",6,NA,"AirWatch by VMware","CS",TRUE,FALSE,"BS, MS, Ph.D.","FT","Yes","CS","CS"
"222",7,NA,"Alarm.com","CS",TRUE,FALSE,"BS, MS","FT","Yes","CS","CS"
"223",8,NA,"Allegro Development","CS, Math, Stats",TRUE,TRUE,"BA, MS","FT","Yes","CS","CS"
"224",9,NA,"Amazon","CS",TRUE,FALSE,"BS, MS, Ph.D.","FT, Intern","No","CS","CS"
"225",10,"Actuarial Section","American Airlines","Stats, Math, CS",TRUE,TRUE,"BS, Cert, MS, Ph.D.","FT, Intern","No","CS","CS"
"226",11,NA,"American Express","CS",TRUE,FALSE,"BS, MS","FT, Intern","Yes","CS","CS"
"227",12,NA,"AmeriCorps","All Majors",FALSE,FALSE,"BS, Cert, MS","FT","Yes","CS","CS"
"228",13,NA,"Amplifi Commerce","CS",TRUE,FALSE,"BS","FT","Yes","CS","CS"
"229",14,NA,"Andreessen Horowitz","CS",TRUE,FALSE,"BS","FT","Yes","CS","CS"
"230",15,NA,"Aon","All Majors",FALSE,FALSE,"BS","FT, Intern","Yes","CS","CS"
"231",16,NA,"Applied Research Laboratories (ARL)","CS, Math, Physics",TRUE,TRUE,"BA, MS, Ph.D.","FT, Intern","Yes","CS","CS"
"232",17,NA,"Apprenda","CS, Math",TRUE,TRUE,"BA, MS, Ph.D.","FT, Intern","No","CS","CS"
"233",18,NA,"AT&T","Stats, Physics, Math, CS",TRUE,TRUE,"BS, MS","FT, Intern","Yes","CS","CS"
"234",19,NA,"athenahealth, Inc.","Physics, Math, CS",TRUE,TRUE,"BS, Cert, MS, Ph.D.","FT, Intern","Yes","CS","CS"
"235",20,NA,"Bazaarvoice","CS",TRUE,FALSE,"BS, MS, Ph.D.","FT, Intern","No","CS","CS"
"236",21,NA,"Bentley Systems","CS",TRUE,FALSE,"BS, MS","FT, Intern","Yes","CS","CS"
"237",22,NA,"Blackbaud","CS",TRUE,FALSE,"BS","FT, Intern","Yes","CS","CS"
"238",23,NA,"Blizzard Entertainment","CS",TRUE,FALSE,"BS, Cert, MS, Ph.D.","FT, Intern","Yes","CS","CS"
"239",24,NA,"Bloomberg","Math, Physics, CS",TRUE,TRUE,"BS, MS, Ph.D.","FT, Intern","No","CS","CS"
"240",25,NA,"Blue Cross and Blue Shield of IL, MT, OK, NM and TX","All Majors",FALSE,FALSE,NA,"FT, Intern","Yes","CS","CS"
"241",26,NA,"Bluebeam Software","CS, Math",TRUE,TRUE,"BS","FT, Intern","Yes","CS","CS"
"242",27,NA,"Booz Allen Hamilton","All Majors",FALSE,FALSE,"BS, MS","FT","Yes","CS","CS"
"243",28,NA,"Broadleaf Commerce","CS",TRUE,FALSE,"BA, MS, Ph.D.","FT, Intern","No","CS","CS"
"245",30,NA,"Buoy, Inc.","CS, Physics, Math, Stats",TRUE,TRUE,NA,"FT","Yes","CS","CS"
"246",31,"Actuarial Section","Burns and Wilcox","All Majors",FALSE,FALSE,NA,"FT, Intern","Yes","CS","CS"
"247",32,NA,"CA Technologies","CS",TRUE,FALSE,"BS","FT, Intern","Yes","CS","CS"
"248",33,NA,"Capital One","Public Health, Physics, Math, EnviroSci, CS, Chem, Bio, BioChem, Astronomy",TRUE,TRUE,"BS","FT, Intern","Yes","CS","CS"
"249",34,NA,"CAPSHER","CS, Math, Physics",TRUE,TRUE,NA,"FT, Intern","Yes","CS","CS"
"250",35,NA,"CGG","Physics, Math, CS",TRUE,TRUE,"BS, MS, Ph.D.","FT","No","CS","CS"
"251",36,NA,"Charles Schwab & Co.","All Majors",FALSE,FALSE,"BS, MS","FT, Intern","Yes","CS","CS"
"252",37,NA,"Chevron","Math, CS",TRUE,TRUE,"BS","FT, Intern","Yes","CS","CS"
"254",39,NA,"Citadel LLC","All Majors",FALSE,FALSE,NA,"FT, Intern","No","CS","CS"
"255",40,NA,"Citi","Stats, Physics, Math, CS",TRUE,TRUE,"BS, MS","FT, Intern","Yes","CS","CS"
"256",41,NA,"Citrix","CS",TRUE,FALSE,NA,"FT, Intern","No","CS","CS"
"257",42,NA,"Civilian Logistics Career Management Office (CLCMO)","All Majors",FALSE,FALSE,NA,"FT, Intern","No","CS","CS"
"258",43,NA,"Civitas Learning","Math, CS",TRUE,TRUE,"BS, MS","FT","Yes","CS","CS"
"259",44,NA,"Clover Network","CS, Physics, Math, Stats, TXA",TRUE,TRUE,NA,"FT, Intern","Yes","CS","CS"
"260",45,NA,"ConocoPhillips","CS",TRUE,FALSE,"BS, MS","FT, Intern","Yes","CS","CS"
"261",46,NA,"Cox Automotive","Physics, Math, CS",TRUE,TRUE,"BS","FT, Intern","Yes","CS","CS"
"262",47,NA,"Cray","CS, Math",TRUE,TRUE,"BA, MS, Ph.D.","FT, Intern","No","CS","CS"
"263",48,NA,"Credera","CS, Elements of Comp Cert.",TRUE,FALSE,"BA","FT, Intern","Yes","CS","CS"
"264",49,NA,"CSC","CS",TRUE,FALSE,"BA, MS","FT","No","CS","CS"
"265",50,NA,"CSX Corporation ","CS",TRUE,FALSE,"BS, MS","FT, Intern","Yes","CS","CS"
"267",52,NA,"Cvent","All Majors",FALSE,FALSE,"BS, MS","FT","No","CS","CS"
"268",53,NA,"Dante Consulting","CS, Math",TRUE,TRUE,"BA","FT","Yes","CS","CS"
"269",54,NA,"Dealertrack","CS",TRUE,FALSE,"BS, MS","FT","No","CS","CS"
"270",55,NA,"Dell, Inc.","CS",TRUE,FALSE,"BS, MS","FT, Intern","No","CS","CS"
"271",56,"Technology Start Up Village","Delphix","CS",TRUE,FALSE,"BS","FT, Intern","No","CS","CS"
"272",57,NA,"Denim Group","CS",TRUE,FALSE,"BA","FT","Yes","CS","CS"
"273",58,NA,"Dimensional Fund Advisors","All Majors",FALSE,FALSE,NA,"FT, Intern","Yes","CS","CS"
"274",59,NA,"DIRECTV","CS",TRUE,FALSE,"BS","Intern","Yes","CS","CS"
"275",60,"Technology Start Up Village","DraftKings","CS",TRUE,FALSE,NA,"FT, Intern","No","CS","CS"
"276",61,NA,"Elbit Systems of America","CS, Physics, Math, Stats",TRUE,TRUE,NA,"FT, Intern","Yes","CS","CS"
"277",62,NA,"Emerson Electric","CS",TRUE,FALSE,"BS, MS","FT, Intern","Yes","CS","CS"
"278",63,NA,"Enthought","Stats, Physics, Bio, Math, CS, Chem, Astronomy",TRUE,TRUE,"MS, Ph.D.","FT, Intern","Yes","CS","CS"
"279",64,NA,"EOG Resources, Inc.","CS",TRUE,FALSE,"BS","Intern","Yes","CS","CS"
"280",65,NA,"Epic","Math, Stats, Physics, CS, Chem, Bio, BioChem",TRUE,TRUE,"BS, MS, Ph.D.","FT, Intern","No","CS","CS"
"283",68,NA,"Experian Health","CS",TRUE,FALSE,"BS","FT","Yes","CS","CS"
"284",69,NA,"ExxonMobil Corporation","Chem (Ph.D.), CS",TRUE,FALSE,"BS, MS","FT, Intern","Yes","CS","CS"
"285",70,NA,"Facebook","Physics, Math, CS",TRUE,TRUE,"BS, MS","FT, Intern","No","CS","CS"
"286",71,NA,"FactSet Research Systems, Inc.","CS",TRUE,FALSE,"BS, MS","FT, Intern","Yes","CS","CS"
"287",72,NA,"Fidelity Investments","Stats, Math, CS",TRUE,TRUE,"BS","FT, Intern","No","CS","CS"
"288",73,NA,"Fitbit","Stats, Math, CS",TRUE,TRUE,"BS, MS, Ph.D.","FT, Intern","Yes","CS","CS"
"289",74,"Actuarial Section","Florida Blue","Stats, Math, CS",TRUE,TRUE,"BS, MS, Ph.D.","FT, Intern","Yes","CS","CS"
"290",75,NA,"Fluke Networks","CS, Physics, Math, Stats",TRUE,TRUE,NA,"FT, Intern","Yes","CS","CS"
"291",76,NA,"Fujitsu Network Communications","CS",TRUE,FALSE,"BS, MS","FT, Intern","No","CS","CS"
"292",77,NA,"Futurex","CS",TRUE,FALSE,"BS, MS","FT, Intern","Yes","CS","CS"
"293",78,NA,"Gemalto","CS",TRUE,FALSE,"BS, MS, Ph.D.","FT, Intern","No","CS","CS"
"294",79,NA,"General Electric","CS, Math, Physics",TRUE,TRUE,NA,"FT","Yes","CS","CS"
"295",80,NA,"General Motors","CS",TRUE,FALSE,"BS","FT","Yes","CS","CS"
"296",81,NA,"GoDaddy","CS, Math",TRUE,TRUE,"BS, MS, Ph.D.","FT, Intern","No","CS","CS"
"297",82,NA,"Golden Frog","Math, CS",TRUE,TRUE,"BS, Cert, MS","FT","Yes","CS","CS"
"298",83,NA,"Goldman Sachs","All Majors",FALSE,FALSE,"BS","Intern","No","CS","CS"
"299",84,NA,"Google, Inc","Math, CS",TRUE,TRUE,"BS, MS, Ph.D.","FT, Intern","No","CS","CS"
"300",85,"Technology Start Up Village","Graphiq","Astronomy, Bio, Biochem, Chem, CS, Math, Physics, Stats",TRUE,TRUE,"BS, MS, Ph.D.","FT, Intern","No","CS","CS"
"301",86,NA,"Halliburton","Math, CS, Chem, BioChem",TRUE,TRUE,"MS, Ph.D.","FT, Intern","Yes","CS","CS"
"302",87,NA,"HBK Capital Management","CS",TRUE,FALSE,"BS, MS, Ph.D.","FT, Intern","No","CS","CS"
"303",88,"Actuarial Section","HCC Insurance Holdings","Stats, Math, CS",TRUE,TRUE,"BS, MS, Ph.D.","FT, Intern","Yes","CS","CS"
"304",89,NA,"Headspring","CS",TRUE,FALSE,NA,"FT","Yes","CS","CS"
"305",90,NA,"Hewlett-Â­âPackard","CS",TRUE,FALSE,"BS","FT, Intern","Yes","CS","CS"
"306",91,NA,"HMS -Â­â (Health Management System)","All Majors",FALSE,FALSE,"BA","Intern","Yes","CS","CS"
"307",92,NA,"HomeAway","CS",TRUE,FALSE,"BS, MS","FT, Intern","No","CS","CS"
"308",93,NA,"Honeywell","CS",TRUE,FALSE,"BS","Intern","Yes","CS","CS"
"309",94,NA,"Hudl","Stats, Math, CS",TRUE,TRUE,"BS, MS, Ph.D.","FT, Intern","Yes","CS","CS"
"310",95,NA,"IBM","CS",TRUE,FALSE,"BS, MS","FT","Yes","CS","CS"
"311",96,NA,"Identropy, Inc.","All Majors",FALSE,FALSE,NA,"FT","No","CS","CS"
"312",97,NA,"Indeed","CS",TRUE,FALSE,"BS","FT, Intern","Yes","CS","CS"
"313",98,NA,"Information Technology Services at the University of Texas in Austin","All Majors",FALSE,FALSE,NA,"FT, Intern","Yes","CS","CS"
"314",99,NA,"innoWake","CS",TRUE,FALSE,"BA, MS, Ph.D.","FT","Yes","CS","CS"
"315",100,NA,"Intel Corporation","Stats, Physics, Math, CS, Chem",TRUE,TRUE,"BS, MS, Ph.D.","FT, Intern","No","CS","CS"
"316",101,NA,"Jet Propulsion Laboratory","CS, EnviroSci, HDFS, Math Physics, Stats",TRUE,TRUE,"BA, MS, Ph.D.","FT, Intern","Yes","CS","CS"
"317",102,NA,"JPMorgan Chase & Co.","Math, CS",TRUE,TRUE,"BS, MS","FT, Intern","Yes","CS","CS"
"318",103,NA,"KPMG LLP","CS, Physics, Math, Stats",TRUE,TRUE,"BS, MS, Ph.D.","FT","No","CS","CS"
"319",104,NA,"L-Â­â3 Mission Integration","CS",TRUE,FALSE,"BS, MS","FT, Intern","Yes","CS","CS"
"321",106,NA,"Liberty Mutual","CS, Math, Stats",TRUE,TRUE,"BS","FT, Intern","Yes","CS","CS"
"322",107,NA,"Linkedin Corporation","CS",TRUE,FALSE,"BS","FT, Intern","No","CS","CS"
"323",108,NA,"Lithium Technologies","CS",TRUE,FALSE,NA,"FT, Intern","Yes","CS","CS"
"324",109,NA,"Lockheed Martin","Physics, Math, CS",TRUE,TRUE,"BS, MS","FT, Intern","Yes","CS","CS"
"325",110,NA,"Macedon Technologies","CS",TRUE,FALSE,"BS","FT","No","CS","CS"
"326",111,NA,"Macy's, Inc.","Textiles and Apparel, Stats, Math, CS",TRUE,TRUE,"BS","FT, Intern","Yes","CS","CS"
"327",112,NA,"Main Street Hub","Physics, Math, CS",TRUE,TRUE,"BS","FT","Yes","CS","CS"
"328",113,NA,"Mellanox Technologies","CS, Physics, Math, Stats",TRUE,TRUE,NA,"FT, Intern","No","CS","CS"
"329",114,NA,"MaxPoint","CS, Math, Stats",TRUE,TRUE,NA,"FT, Intern","No","CS","CS"
"330",115,NA,"Meraki","Math, CS",TRUE,TRUE,"BS, MS, Ph.D.","FT, Intern","No","CS","CS"
"331",116,"Actuarial Section","Mercer","Stats, Public Health, Math, CS",TRUE,TRUE,"BS","FT, Intern","Yes","CS","CS"
"332",117,NA,"METECS","CS",TRUE,FALSE,"BS, MS","FT, Intern","Yes","CS","CS"
"333",118,NA,"Microsoft","Math, CS",TRUE,TRUE,"BS, MS, Ph.D.","FT, Intern","No","CS","CS"
"334",119,NA,"MIT Lincoln Laboratory","Physics, Math, CS, Chem, Bio, BioChem, Astronomy",TRUE,TRUE,"BS, MS, Ph.D.","FT, Intern","Yes","CS","CS"
"335",120,NA,"National Instruments","Math, CS",TRUE,TRUE,"BS, MS, Ph.D.","FT, Intern","No","CS","CS"
"336",121,NA,"NCC Group","Math, CS",TRUE,TRUE,"BS, MS, Ph.D.","FT, Intern","No","CS","CS"
"337",122,NA,"NetSuite","CS",TRUE,FALSE,"BS, MS","FT, Intern","No","CS","CS"
"338",123,NA,"O'Connor's","Stats, Math, CS",TRUE,TRUE,"BS","FT, Intern","No","CS","CS"
"339",124,NA,"o9 Solutions, Inc.","All Majors",FALSE,FALSE,NA,"FT, Intern","No","CS","CS"
"340",125,NA,"Offers.com","CS",TRUE,FALSE,"BA,Â Cert","FT","Yes","CS","CS"
"341",126,NA,"Oracle","Stats, Physics, Math, CS",TRUE,TRUE,"BS, MS, Ph.D.","FT, Intern","No","CS","CS"
"342",127,NA,"Orbitz Worldwide","CS",TRUE,FALSE,"BS","FT","No","CS","CS"
"343",128,NA,"Palantir Technologies","Stats, Math, CS",TRUE,TRUE,"BS, MS","FT, Intern","Yes","CS","CS"
"344",129,NA,"Palo Alto Networks","CS",TRUE,FALSE,"BS, MS, Ph.D.","FT, Intern","No","CS","CS"
"345",130,NA,"Pariveda Solutions","Physics, Math, CS",TRUE,TRUE,"BS","FT, Intern","Yes","CS","CS"
"346",131,NA,"PayPal","CS",TRUE,FALSE,"BS, MS, Ph.D.","FT, Intern","No","CS","CS"
"347",132,NA,"Peace Corps","All Majors",FALSE,FALSE,"BS, MS","FT","Yes","CS","CS"
"348",133,NA,"Pearson","CS",TRUE,FALSE,"BS, MS","FT, Intern","No","CS","CS"
"349",134,NA,"PepsiCo","CS, Physics, Math, Stats",TRUE,TRUE,NA,"FT, Intern","Yes","CS","CS"
"350",135,NA,"Perficient","CS",TRUE,FALSE,"BS, MS","FT","No","CS","CS"
"351",136,NA,"Periscope Holdings, Inc.","All Majors",FALSE,FALSE,NA,"FT","Yes","CS","CS"
"352",137,NA,"Pinterest, Inc.","CS",TRUE,FALSE,"BS, MS, Ph.D.","FT, Intern","No","CS","CS"
"353",138,"Technology Start Up Village","Praetorian","CS",TRUE,FALSE,"BS, MS, Ph.D.","FT, Intern","Yes","CS","CS"
"354",139,NA,"PricewaterhouseCoopers","Math, CS",TRUE,TRUE,"BS, MS","FT, Intern","Yes","CS","CS"
"356",141,NA,"Produce Pro Software","CS",TRUE,FALSE,"BS, MS","FT","Yes","CS","CS"
"357",142,NA,"PROS","CS, Math",TRUE,TRUE,"BA, MS, Ph.D.","FT","Yes","CS","CS"
"358",143,NA,"Pure Storage","CS",TRUE,FALSE,"BS, MS, Ph.D.","FT, Intern","No","CS","CS"
"359",144,NA,"Qualtrics","CS",TRUE,FALSE,"BS","FT","Yes","CS","CS"
"360",145,NA,"Quantlab Financial, LLC","Physics, Math, CS",TRUE,TRUE,"BS, MS, Ph.D.","FT, Intern","No","CS","CS"
"361",146,NA,"Quora","Stats, Math, CS",TRUE,TRUE,"BS, MS, Ph.D.","FT, Intern","No","CS","CS"
"362",147,NA,"Quorum Business Solutions","Stats, Physics, Math, CS, Chem",TRUE,TRUE,"BS, MS","FT","Yes","CS","CS"
"363",148,NA,"Rackspace","Math, CS",TRUE,TRUE,"BS, MS, Ph.D.","FT, Intern","Yes","CS","CS"
"364",149,NA,"Raytheon Company","Physics, Math, CS",TRUE,TRUE,"BS, MS","FT, Intern","Yes","CS","CS"
"365",150,NA,"Reddwerks","CS",TRUE,FALSE,"BS, MS","FT","No","CS","CS"
"366",151,"Technology Start Up Village","Redfin","Stats, CS",TRUE,TRUE,"BS","FT, Intern","No","CS","CS"
"367",152,NA,"RetailMeNot, Inc.","CS",TRUE,FALSE,"BS","FT, Intern","No","CS","CS"
"368",153,NA,"Rev.com","CS",TRUE,FALSE,"BS","FT","Yes","CS","CS"
"370",155,NA,"Rx Wiki","All Majors",FALSE,FALSE,NA,"FT","Yes","CS","CS"
"371",156,NA,"Salesforce","Stats, Math, CS",TRUE,TRUE,"BS, MS, Ph.D.","FT, Intern","No","CS","CS"
"372",157,NA,"Sandia National Laboratories","Stats, Physics, Math, EnviroSci, CS, Chem, BioChem, Astronomy",TRUE,TRUE,"BS, MS, Ph.D.","FT, Intern","Yes","CS","CS"
"373",158,NA,"SAS Institute","CS, Physics, Math, Stats",TRUE,TRUE,NA,"FT, Intern","Yes","CS","CS"
"374",159,NA,"Schlumberger","CS",TRUE,FALSE,"BS, MS, Ph.D.","FT, Intern","Yes","CS","CS"
"375",160,NA,"SnapStream Media Inc.","CS",TRUE,FALSE,"BA, MS, Ph.D.","FT, Intern","No","CS","CS"
"376",161,NA,"Sogeti","CS",TRUE,FALSE,"BS","FT","Yes","CS","CS"
"377",162,NA,"Southwestern Energy","CS, Physics, Math, Stats",TRUE,TRUE,NA,"Intern","Yes","CS","CS"
"379",164,"Technology Start Up Village","SpiceWorks","CS, Math",TRUE,TRUE,"BA","Intern","Yes","CS","CS"
"380",165,NA,"Splunk","CS",TRUE,FALSE,"BS, MS, Ph.D.","FT, Intern","No","CS","CS"
"381",166,NA,"Spredfast","All Majors",FALSE,FALSE,NA,"FT, Intern","Yes","CS","CS"
"382",167,NA,"State Farm Insurance Companies","CS, Math, Stats",TRUE,TRUE,"BA, MS","FT, Intern","Yes","CS","CS"
"383",168,"Technology Start Up Village","Steelwedge Software","CS",TRUE,FALSE,NA,"FT, Intern","Yes","CS","CS"
"384",169,NA,"SunGard Global Services","CS",TRUE,FALSE,"BA, MS","FT","Yes","CS","CS"
"385",170,NA,"SunGard Financial Systems","Math, CS",TRUE,TRUE,"BS","FT","No","CS","CS"
"386",171,NA,"Tableau Software","Math, CS",TRUE,TRUE,"BS, MS","FT, Intern","No","CS","CS"
"387",172,NA,"Target Corporation","All Majors",FALSE,FALSE,"BS, MS","FT, Intern","Yes","CS","CS"
"388",173,NA,"TechemetÂ MetalÂ Trading","CS,Â Math",TRUE,TRUE,"BA,Â MS","FT","No","CS","CS"
"389",174,NA,"Telogis","Math, CS",TRUE,TRUE,"BS, MS","FT, Intern","No","CS","CS"
"390",175,NA,"Teradata","CS",TRUE,FALSE,"BS, MS, Ph.D.","FT, Intern","No","CS","CS"
"391",176,NA,"Texas Commission on Environmental Quality","All Majors",FALSE,FALSE,"BA, MS","Intern","Yes","CS","CS"
"392",177,NA,"Texas Instruments","CS",TRUE,FALSE,"BS, MS, Ph.D.","FT, Intern","Yes","CS","CS"
"393",178,NA,"Texas Water Development Board","All Majors",FALSE,FALSE,"BA, Cert, MS, Ph.D.","FT, Intern","Yes","CS","CS"
"394",179,NA,"Textron","CS",TRUE,FALSE,"BS","FT, Intern","Yes","CS","CS"
"396",181,NA,"The Dow Chemical Company","CS, Physics, Math, Stats",TRUE,TRUE,"BS, MS, Ph.D.","FT, Intern","Yes","CS","CS"
"397",182,NA,"Thomson Reuters","Math, Stats, CS, Physics",TRUE,TRUE,NA,"FT, Intern","Yes","CS","CS"
"398",183,NA,"Thoughtworks","CS",TRUE,FALSE,NA,"FT","No","CS","CS"
"399",184,NA,"TIBCO Software Inc.","CS, Physics, Math, Stats",TRUE,TRUE,NA,"FT, Intern","No","CS","CS"
"400",185,NA,"Tinker Air Force Base Civilian Employment","CS, Physics, Math, Stats",TRUE,TRUE,NA,"FT","Yes","CS","CS"
"402",187,NA,"TripAdvisor","CS",TRUE,FALSE,"BS, MS, Ph.D.","FT, Intern","No","CS","CS"
"403",188,NA,"Turnitin","CS, Physics, Math, Stats",TRUE,TRUE,NA,"FT","Yes","CS","CS"
"404",189,NA,"Twitter","Stats, CS",TRUE,TRUE,"BS, MS, Ph.D.","FT, Intern","No","CS","CS"
"405",190,"Technology Start Up Village","Umbel","All Majors",FALSE,FALSE,"BA, Cert, MS, Ph.D.","FT, Intern","No","CS","CS"
"406",191,NA,"UnboundID","CS",TRUE,FALSE,"BS","Intern","Yes","CS","CS"
"407",192,NA,"Under Armour","Textiles and Apparel, Physics, Math, CS",TRUE,TRUE,"BS","Intern","No","CS","CS"
"408",193,NA,"Union Pacific Railroad","Stats, Math, CS",TRUE,TRUE,"BS, MS, Ph.D.","FT, Intern","No","CS","CS"
"409",194,NA,"UnitedHealth Group","CS",TRUE,FALSE,NA,"FT, Intern","Yes","CS","CS"
"410",195,NA,"US Army Aviation and Missile Research, Development, and Engineering Center","Chem, CS, Math, Physics, Stats",TRUE,TRUE,NA,"FT","Yes","CS","CS"
"411",196,NA,"US Marine Corps Officer Selection Team Austin, TX","All Majors",FALSE,FALSE,NA,"FT, Intern","Yes","CS","CS"
"412",197,NA,"US Navy","All Majors",FALSE,FALSE,"BA","FT","Yes","CS","CS"
"413",198,"Actuarial Section","USAA","Math, CS",TRUE,TRUE,"BS, MS","FT, Intern","Yes","CS","CS"
"414",199,NA,"uShip","CS, Physics, Math, Stats",TRUE,TRUE,NA,"Intern","No","CS","CS"
"415",200,NA,"UT Health School of Biomedical Informatics at Hou","All Majors",FALSE,FALSE,"BA","FT","No","CS","CS"
"417",202,NA,"Vectra Networks","CS",TRUE,FALSE,"BA, Cert, MS, Ph.D.","FT, Intern","No","CS","CS"
"418",203,NA,"Verizon","Math, CS",TRUE,TRUE,"BS, MS","FT, Intern","No","CS","CS"
"419",204,NA,"Visa","CS, Physics, Math, Stats",TRUE,TRUE,"BS, MS, Ph.D.","FT, Intern","No","CS","CS"
"420",205,NA,"VML","CS, Physics, Math, Stats, TXA",TRUE,TRUE,NA,"FT, Intern","No","CS","CS"
"421",206,NA,"VMware, Inc.","CS",TRUE,FALSE,"BS, MS, Ph.D.","FT, Intern","No","CS","CS"
"422",207,NA,"Volusion","Physics, Math, CS",TRUE,TRUE,"BS, MS","FT, Intern","No","CS","CS"
"423",208,NA,"Websense","Bio, CS, Math, Physics, Stats Elements ofComp Cert.",TRUE,TRUE,"BA, Cert, MS","FT, Intern","Yes","CS","CS"
"424",209,"Technology Start Up Village","Weebly","CS",TRUE,FALSE,"BS, Cert, MS, Ph.D.","FT, Intern","Yes","CS","CS"
"425",210,NA,"WhatsApp","Physics, Math, CS",TRUE,TRUE,NA,"FT, Intern","No","CS","CS"
"426",211,NA,"Workday","Stats, Math, CS",TRUE,TRUE,"BS","FT, Intern","Yes","CS","CS"
"427",212,NA,"WP Engine","All Majors",FALSE,FALSE,"BS","FT","Yes","CS","CS"
"428",213,NA,"Xerox","All Majors",FALSE,FALSE,NA,"FT","No","CS","CS"
"429",214,NA,"Yelp","CS",TRUE,FALSE,"BS, MS","FT, Intern","No","CS","CS"
"430",215,NA,"YES Prep Public Schools","All Majors",FALSE,FALSE,"BS, MS, Ph.D.","FT, Intern","No","CS","CS"
"432",2,NA,"Adobe Systems ","Stats, CS",TRUE,TRUE,"BS, MS, Ph.D.","FT, Intern","No","Stats","Stats"
"434",4,"Actuarial Section","AIG","All Majors",FALSE,FALSE,"BS, MS","FT, Intern","No","Stats","Stats"
"435",5,NA,"Airbnb","Stats, Math, CS",TRUE,TRUE,"BS, MS, Ph.D.","FT, Intern","No","Stats","Stats"
"438",8,NA,"Allegro Development","CS, Math, Stats",TRUE,TRUE,"BA, MS","FT","Yes","Stats","Stats"
"440",10,"Actuarial Section","American Airlines","Stats, Math, CS",TRUE,TRUE,"BS, Cert, MS, Ph.D.","FT, Intern","No","Stats","Stats"
"442",12,NA,"AmeriCorps","All Majors",FALSE,FALSE,"BS, Cert, MS","FT","Yes","Stats","Stats"
"445",15,NA,"Aon","All Majors",FALSE,FALSE,"BS","FT, Intern","Yes","Stats","Stats"
"448",18,NA,"AT&T","Stats, Physics, Math, CS",TRUE,TRUE,"BS, MS","FT, Intern","Yes","Stats","Stats"
"455",25,NA,"Blue Cross and Blue Shield of IL, MT, OK, NM and TX","All Majors",FALSE,FALSE,NA,"FT, Intern","Yes","Stats","Stats"
"457",27,NA,"Booz Allen Hamilton","All Majors",FALSE,FALSE,"BS, MS","FT","Yes","Stats","Stats"
"460",30,NA,"Buoy, Inc.","CS, Physics, Math, Stats",TRUE,TRUE,NA,"FT","Yes","Stats","Stats"
"461",31,"Actuarial Section","Burns and Wilcox","All Majors",FALSE,FALSE,NA,"FT, Intern","Yes","Stats","Stats"
"466",36,NA,"Charles Schwab & Co.","All Majors",FALSE,FALSE,"BS, MS","FT, Intern","Yes","Stats","Stats"
"468",38,"Actuarial Section","Cigna","Stats, Math",FALSE,TRUE,"BS, Cert, MS, Ph.D.","FT, Intern","No","Stats","Stats"
"469",39,NA,"Citadel LLC","All Majors",FALSE,FALSE,NA,"FT, Intern","No","Stats","Stats"
"470",40,NA,"Citi","Stats, Physics, Math, CS",TRUE,TRUE,"BS, MS","FT, Intern","Yes","Stats","Stats"
"472",42,NA,"Civilian Logistics Career Management Office (CLCMO)","All Majors",FALSE,FALSE,NA,"FT, Intern","No","Stats","Stats"
"474",44,NA,"Clover Network","CS, Physics, Math, Stats, TXA",TRUE,TRUE,NA,"FT, Intern","Yes","Stats","Stats"
"481",51,NA,"Customer Marketing Group","Stats, Physics, Math",FALSE,TRUE,"BS, MS, Ph.D.","Intern","No","Stats","Stats"
"482",52,NA,"Cvent","All Majors",FALSE,FALSE,"BS, MS","FT","No","Stats","Stats"
"488",58,NA,"Dimensional Fund Advisors","All Majors",FALSE,FALSE,NA,"FT, Intern","Yes","Stats","Stats"
"491",61,NA,"Elbit Systems of America","CS, Physics, Math, Stats",TRUE,TRUE,NA,"FT, Intern","Yes","Stats","Stats"
"493",63,NA,"Enthought","Stats, Physics, Bio, Math, CS, Chem, Astronomy",TRUE,TRUE,"MS, Ph.D.","FT, Intern","Yes","Stats","Stats"
"495",65,NA,"Epic","Math, Stats, Physics, CS, Chem, Bio, BioChem",TRUE,TRUE,"BS, MS, Ph.D.","FT, Intern","No","Stats","Stats"
"496",66,"Actuarial Section","Ernst & Young LLP","Math, Stats",FALSE,TRUE,"BS, MS","FT, Intern","No","Stats","Stats"
"502",72,NA,"Fidelity Investments","Stats, Math, CS",TRUE,TRUE,"BS","FT, Intern","No","Stats","Stats"
"503",73,NA,"Fitbit","Stats, Math, CS",TRUE,TRUE,"BS, MS, Ph.D.","FT, Intern","Yes","Stats","Stats"
"504",74,"Actuarial Section","Florida Blue","Stats, Math, CS",TRUE,TRUE,"BS, MS, Ph.D.","FT, Intern","Yes","Stats","Stats"
"505",75,NA,"Fluke Networks","CS, Physics, Math, Stats",TRUE,TRUE,NA,"FT, Intern","Yes","Stats","Stats"
"513",83,NA,"Goldman Sachs","All Majors",FALSE,FALSE,"BS","Intern","No","Stats","Stats"
"515",85,"Technology Start Up Village","Graphiq","Astronomy, Bio, Biochem, Chem, CS, Math, Physics, Stats",TRUE,TRUE,"BS, MS, Ph.D.","FT, Intern","No","Stats","Stats"
"518",88,"Actuarial Section","HCC Insurance Holdings","Stats, Math, CS",TRUE,TRUE,"BS, MS, Ph.D.","FT, Intern","Yes","Stats","Stats"
"521",91,NA,"HMS -Â­â (Health Management System)","All Majors",FALSE,FALSE,"BA","Intern","Yes","Stats","Stats"
"524",94,NA,"Hudl","Stats, Math, CS",TRUE,TRUE,"BS, MS, Ph.D.","FT, Intern","Yes","Stats","Stats"
"526",96,NA,"Identropy, Inc.","All Majors",FALSE,FALSE,NA,"FT","No","Stats","Stats"
"528",98,NA,"Information Technology Services at the University of Texas in Austin","All Majors",FALSE,FALSE,NA,"FT, Intern","Yes","Stats","Stats"
"530",100,NA,"Intel Corporation","Stats, Physics, Math, CS, Chem",TRUE,TRUE,"BS, MS, Ph.D.","FT, Intern","No","Stats","Stats"
"531",101,NA,"Jet Propulsion Laboratory","CS, EnviroSci, HDFS, Math Physics, Stats",TRUE,TRUE,"BA, MS, Ph.D.","FT, Intern","Yes","Stats","Stats"
"533",103,NA,"KPMG LLP","CS, Physics, Math, Stats",TRUE,TRUE,"BS, MS, Ph.D.","FT","No","Stats","Stats"
"536",106,NA,"Liberty Mutual","CS, Math, Stats",TRUE,TRUE,"BS","FT, Intern","Yes","Stats","Stats"
"539",109,NA,"Lockheed Martin","Physics, Math, CS",TRUE,TRUE,"BS, MS","FT, Intern","Yes","Stats","Stats"
"541",111,NA,"Macy's, Inc.","Textiles and Apparel, Stats, Math, CS",TRUE,TRUE,"BS","FT, Intern","Yes","Stats","Stats"
"543",113,NA,"Mellanox Technologies","CS, Physics, Math, Stats",TRUE,TRUE,NA,"FT, Intern","No","Stats","Stats"
"544",114,NA,"MaxPoint","CS, Math, Stats",TRUE,TRUE,NA,"FT, Intern","No","Stats","Stats"
"546",116,"Actuarial Section","Mercer","Stats, Public Health, Math, CS",TRUE,TRUE,"BS","FT, Intern","Yes","Stats","Stats"
"553",123,NA,"O'Connor's","Stats, Math, CS",TRUE,TRUE,"BS","FT, Intern","No","Stats","Stats"
"554",124,NA,"o9 Solutions, Inc.","All Majors",FALSE,FALSE,NA,"FT, Intern","No","Stats","Stats"
"556",126,NA,"Oracle","Stats, Physics, Math, CS",TRUE,TRUE,"BS, MS, Ph.D.","FT, Intern","No","Stats","Stats"
"558",128,NA,"Palantir Technologies","Stats, Math, CS",TRUE,TRUE,"BS, MS","FT, Intern","Yes","Stats","Stats"
"562",132,NA,"Peace Corps","All Majors",FALSE,FALSE,"BS, MS","FT","Yes","Stats","Stats"
"564",134,NA,"PepsiCo","CS, Physics, Math, Stats",TRUE,TRUE,NA,"FT, Intern","Yes","Stats","Stats"
"566",136,NA,"Periscope Holdings, Inc.","All Majors",FALSE,FALSE,NA,"FT","Yes","Stats","Stats"
"575",145,NA,"Quantlab Financial, LLC","Physics, Math, CS",TRUE,TRUE,"BS, MS, Ph.D.","FT, Intern","No","Stats","Stats"
"576",146,NA,"Quora","Stats, Math, CS",TRUE,TRUE,"BS, MS, Ph.D.","FT, Intern","No","Stats","Stats"
"577",147,NA,"Quorum Business Solutions","Stats, Physics, Math, CS, Chem",TRUE,TRUE,"BS, MS","FT","Yes","Stats","Stats"
"581",151,"Technology Start Up Village","Redfin","Stats, CS",TRUE,TRUE,"BS","FT, Intern","No","Stats","Stats"
"585",155,NA,"Rx Wiki","All Majors",FALSE,FALSE,NA,"FT","Yes","Stats","Stats"
"586",156,NA,"Salesforce","Stats, Math, CS",TRUE,TRUE,"BS, MS, Ph.D.","FT, Intern","No","Stats","Stats"
"587",157,NA,"Sandia National Laboratories","Stats, Physics, Math, EnviroSci, CS, Chem, BioChem, Astronomy",TRUE,TRUE,"BS, MS, Ph.D.","FT, Intern","Yes","Stats","Stats"
"588",158,NA,"SAS Institute","CS, Physics, Math, Stats",TRUE,TRUE,NA,"FT, Intern","Yes","Stats","Stats"
"592",162,NA,"Southwestern Energy","CS, Physics, Math, Stats",TRUE,TRUE,NA,"Intern","Yes","Stats","Stats"
"596",166,NA,"Spredfast","All Majors",FALSE,FALSE,NA,"FT, Intern","Yes","Stats","Stats"
"597",167,NA,"State Farm Insurance Companies","CS, Math, Stats",TRUE,TRUE,"BA, MS","FT, Intern","Yes","Stats","Stats"
"602",172,NA,"Target Corporation","All Majors",FALSE,FALSE,"BS, MS","FT, Intern","Yes","Stats","Stats"
"606",176,NA,"Texas Commission on Environmental Quality","All Majors",FALSE,FALSE,"BA, MS","Intern","Yes","Stats","Stats"
"608",178,NA,"Texas Water Development Board","All Majors",FALSE,FALSE,"BA, Cert, MS, Ph.D.","FT, Intern","Yes","Stats","Stats"
"610",180,NA,"The Blood & Tissue Center of Central Texas","Bio, Biochem, Chem, Stats, NeuroSci, HDFS, Public Health",FALSE,TRUE,NA,"FT, Intern","Yes","Stats","Stats"
"611",181,NA,"The Dow Chemical Company","CS, Physics, Math, Stats",TRUE,TRUE,"BS, MS, Ph.D.","FT, Intern","Yes","Stats","Stats"
"612",182,NA,"Thomson Reuters","Math, Stats, CS, Physics",TRUE,TRUE,NA,"FT, Intern","Yes","Stats","Stats"
"614",184,NA,"TIBCO Software Inc.","CS, Physics, Math, Stats",TRUE,TRUE,NA,"FT, Intern","No","Stats","Stats"
"615",185,NA,"Tinker Air Force Base Civilian Employment","CS, Physics, Math, Stats",TRUE,TRUE,NA,"FT","Yes","Stats","Stats"
"616",186,"Actuarial Section","Towers Watson","Stats, Public Health, Math",FALSE,TRUE,"BS, MS","FT, Intern","No","Stats","Stats"
"618",188,NA,"Turnitin","CS, Physics, Math, Stats",TRUE,TRUE,NA,"FT","Yes","Stats","Stats"
"619",189,NA,"Twitter","Stats, CS",TRUE,TRUE,"BS, MS, Ph.D.","FT, Intern","No","Stats","Stats"
"620",190,"Technology Start Up Village","Umbel","All Majors",FALSE,FALSE,"BA, Cert, MS, Ph.D.","FT, Intern","No","Stats","Stats"
"623",193,NA,"Union Pacific Railroad","Stats, Math, CS",TRUE,TRUE,"BS, MS, Ph.D.","FT, Intern","No","Stats","Stats"
"625",195,NA,"US Army Aviation and Missile Research, Development, and Engineering Center","Chem, CS, Math, Physics, Stats",TRUE,TRUE,NA,"FT","Yes","Stats","Stats"
"626",196,NA,"US Marine Corps Officer Selection Team Austin, TX","All Majors",FALSE,FALSE,NA,"FT, Intern","Yes","Stats","Stats"
"627",197,NA,"US Navy","All Majors",FALSE,FALSE,"BA","FT","Yes","Stats","Stats"
"629",199,NA,"uShip","CS, Physics, Math, Stats",TRUE,TRUE,NA,"Intern","No","Stats","Stats"
"630",200,NA,"UT Health School of Biomedical Informatics at Hou","All Majors",FALSE,FALSE,"BA","FT","No","Stats","Stats"
"634",204,NA,"Visa","CS, Physics, Math, Stats",TRUE,TRUE,"BS, MS, Ph.D.","FT, Intern","No","Stats","Stats"
"635",205,NA,"VML","CS, Physics, Math, Stats, TXA",TRUE,TRUE,NA,"FT, Intern","No","Stats","Stats"
"638",208,NA,"Websense","Bio, CS, Math, Physics, Stats Elements ofComp Cert.",TRUE,TRUE,"BA, Cert, MS","FT, Intern","Yes","Stats","Stats"
"641",211,NA,"Workday","Stats, Math, CS",TRUE,TRUE,"BS","FT, Intern","Yes","Stats","Stats"
"642",212,NA,"WP Engine","All Majors",FALSE,FALSE,"BS","FT","Yes","Stats","Stats"
"643",213,NA,"Xerox","All Majors",FALSE,FALSE,NA,"FT","No","Stats","Stats"
"645",215,NA,"YES Prep Public Schools","All Majors",FALSE,FALSE,"BS, MS, Ph.D.","FT, Intern","No","Stats","Stats"
"649",4,"Actuarial Section","AIG","All Majors",FALSE,FALSE,"BS, MS","FT, Intern","No","Math","Math"
"650",5,NA,"Airbnb","Stats, Math, CS",TRUE,TRUE,"BS, MS, Ph.D.","FT, Intern","No","Math","Math"
"653",8,NA,"Allegro Development","CS, Math, Stats",TRUE,TRUE,"BA, MS","FT","Yes","Math","Math"
"655",10,"Actuarial Section","American Airlines","Stats, Math, CS",TRUE,TRUE,"BS, Cert, MS, Ph.D.","FT, Intern","No","Math","Math"
"657",12,NA,"AmeriCorps","All Majors",FALSE,FALSE,"BS, Cert, MS","FT","Yes","Math","Math"
"660",15,NA,"Aon","All Majors",FALSE,FALSE,"BS","FT, Intern","Yes","Math","Math"
"661",16,NA,"Applied Research Laboratories (ARL)","CS, Math, Physics",TRUE,TRUE,"BA, MS, Ph.D.","FT, Intern","Yes","Math","Math"
"662",17,NA,"Apprenda","CS, Math",TRUE,TRUE,"BA, MS, Ph.D.","FT, Intern","No","Math","Math"
"663",18,NA,"AT&T","Stats, Physics, Math, CS",TRUE,TRUE,"BS, MS","FT, Intern","Yes","Math","Math"
"664",19,NA,"athenahealth, Inc.","Physics, Math, CS",TRUE,TRUE,"BS, Cert, MS, Ph.D.","FT, Intern","Yes","Math","Math"
"669",24,NA,"Bloomberg","Math, Physics, CS",TRUE,TRUE,"BS, MS, Ph.D.","FT, Intern","No","Math","Math"
"670",25,NA,"Blue Cross and Blue Shield of IL, MT, OK, NM and TX","All Majors",FALSE,FALSE,NA,"FT, Intern","Yes","Math","Math"
"671",26,NA,"Bluebeam Software","CS, Math",TRUE,TRUE,"BS","FT, Intern","Yes","Math","Math"
"672",27,NA,"Booz Allen Hamilton","All Majors",FALSE,FALSE,"BS, MS","FT","Yes","Math","Math"
"674",29,"Actuarial Section","Buck Consultants, LLC, A Xerox Company ","Math",FALSE,TRUE,NA,"FT, Intern","Yes","Math","Math"
"675",30,NA,"Buoy, Inc.","CS, Physics, Math, Stats",TRUE,TRUE,NA,"FT","Yes","Math","Math"
"676",31,"Actuarial Section","Burns and Wilcox","All Majors",FALSE,FALSE,NA,"FT, Intern","Yes","Math","Math"
"678",33,NA,"Capital One","Public Health, Physics, Math, EnviroSci, CS, Chem, Bio, BioChem, Astronomy",TRUE,TRUE,"BS","FT, Intern","Yes","Math","Math"
"679",34,NA,"CAPSHER","CS, Math, Physics",TRUE,TRUE,NA,"FT, Intern","Yes","Math","Math"
"680",35,NA,"CGG","Physics, Math, CS",TRUE,TRUE,"BS, MS, Ph.D.","FT","No","Math","Math"
"681",36,NA,"Charles Schwab & Co.","All Majors",FALSE,FALSE,"BS, MS","FT, Intern","Yes","Math","Math"
"682",37,NA,"Chevron","Math, CS",TRUE,TRUE,"BS","FT, Intern","Yes","Math","Math"
"683",38,"Actuarial Section","Cigna","Stats, Math",FALSE,TRUE,"BS, Cert, MS, Ph.D.","FT, Intern","No","Math","Math"
"684",39,NA,"Citadel LLC","All Majors",FALSE,FALSE,NA,"FT, Intern","No","Math","Math"
"685",40,NA,"Citi","Stats, Physics, Math, CS",TRUE,TRUE,"BS, MS","FT, Intern","Yes","Math","Math"
"687",42,NA,"Civilian Logistics Career Management Office (CLCMO)","All Majors",FALSE,FALSE,NA,"FT, Intern","No","Math","Math"
"688",43,NA,"Civitas Learning","Math, CS",TRUE,TRUE,"BS, MS","FT","Yes","Math","Math"
"689",44,NA,"Clover Network","CS, Physics, Math, Stats, TXA",TRUE,TRUE,NA,"FT, Intern","Yes","Math","Math"
"691",46,NA,"Cox Automotive","Physics, Math, CS",TRUE,TRUE,"BS","FT, Intern","Yes","Math","Math"
"692",47,NA,"Cray","CS, Math",TRUE,TRUE,"BA, MS, Ph.D.","FT, Intern","No","Math","Math"
"696",51,NA,"Customer Marketing Group","Stats, Physics, Math",FALSE,TRUE,"BS, MS, Ph.D.","Intern","No","Math","Math"
"697",52,NA,"Cvent","All Majors",FALSE,FALSE,"BS, MS","FT","No","Math","Math"
"698",53,NA,"Dante Consulting","CS, Math",TRUE,TRUE,"BA","FT","Yes","Math","Math"
"703",58,NA,"Dimensional Fund Advisors","All Majors",FALSE,FALSE,NA,"FT, Intern","Yes","Math","Math"
"706",61,NA,"Elbit Systems of America","CS, Physics, Math, Stats",TRUE,TRUE,NA,"FT, Intern","Yes","Math","Math"
"708",63,NA,"Enthought","Stats, Physics, Bio, Math, CS, Chem, Astronomy",TRUE,TRUE,"MS, Ph.D.","FT, Intern","Yes","Math","Math"
"710",65,NA,"Epic","Math, Stats, Physics, CS, Chem, Bio, BioChem",TRUE,TRUE,"BS, MS, Ph.D.","FT, Intern","No","Math","Math"
"711",66,"Actuarial Section","Ernst & Young LLP","Math, Stats",FALSE,TRUE,"BS, MS","FT, Intern","No","Math","Math"
"715",70,NA,"Facebook","Physics, Math, CS",TRUE,TRUE,"BS, MS","FT, Intern","No","Math","Math"
"717",72,NA,"Fidelity Investments","Stats, Math, CS",TRUE,TRUE,"BS","FT, Intern","No","Math","Math"
"718",73,NA,"Fitbit","Stats, Math, CS",TRUE,TRUE,"BS, MS, Ph.D.","FT, Intern","Yes","Math","Math"
"719",74,"Actuarial Section","Florida Blue","Stats, Math, CS",TRUE,TRUE,"BS, MS, Ph.D.","FT, Intern","Yes","Math","Math"
"720",75,NA,"Fluke Networks","CS, Physics, Math, Stats",TRUE,TRUE,NA,"FT, Intern","Yes","Math","Math"
"724",79,NA,"General Electric","CS, Math, Physics",TRUE,TRUE,NA,"FT","Yes","Math","Math"
"726",81,NA,"GoDaddy","CS, Math",TRUE,TRUE,"BS, MS, Ph.D.","FT, Intern","No","Math","Math"
"727",82,NA,"Golden Frog","Math, CS",TRUE,TRUE,"BS, Cert, MS","FT","Yes","Math","Math"
"728",83,NA,"Goldman Sachs","All Majors",FALSE,FALSE,"BS","Intern","No","Math","Math"
"729",84,NA,"Google, Inc","Math, CS",TRUE,TRUE,"BS, MS, Ph.D.","FT, Intern","No","Math","Math"
"730",85,"Technology Start Up Village","Graphiq","Astronomy, Bio, Biochem, Chem, CS, Math, Physics, Stats",TRUE,TRUE,"BS, MS, Ph.D.","FT, Intern","No","Math","Math"
"731",86,NA,"Halliburton","Math, CS, Chem, BioChem",TRUE,TRUE,"MS, Ph.D.","FT, Intern","Yes","Math","Math"
"733",88,"Actuarial Section","HCC Insurance Holdings","Stats, Math, CS",TRUE,TRUE,"BS, MS, Ph.D.","FT, Intern","Yes","Math","Math"
"736",91,NA,"HMS -Â­â (Health Management System)","All Majors",FALSE,FALSE,"BA","Intern","Yes","Math","Math"
"739",94,NA,"Hudl","Stats, Math, CS",TRUE,TRUE,"BS, MS, Ph.D.","FT, Intern","Yes","Math","Math"
"741",96,NA,"Identropy, Inc.","All Majors",FALSE,FALSE,NA,"FT","No","Math","Math"
"743",98,NA,"Information Technology Services at the University of Texas in Austin","All Majors",FALSE,FALSE,NA,"FT, Intern","Yes","Math","Math"
"745",100,NA,"Intel Corporation","Stats, Physics, Math, CS, Chem",TRUE,TRUE,"BS, MS, Ph.D.","FT, Intern","No","Math","Math"
"746",101,NA,"Jet Propulsion Laboratory","CS, EnviroSci, HDFS, Math Physics, Stats",TRUE,TRUE,"BA, MS, Ph.D.","FT, Intern","Yes","Math","Math"
"747",102,NA,"JPMorgan Chase & Co.","Math, CS",TRUE,TRUE,"BS, MS","FT, Intern","Yes","Math","Math"
"748",103,NA,"KPMG LLP","CS, Physics, Math, Stats",TRUE,TRUE,"BS, MS, Ph.D.","FT","No","Math","Math"
"750",105,NA,"L'Oreal","Chem, Physics, Math",FALSE,TRUE,NA,"FT, Intern","Yes","Math","Math"
"751",106,NA,"Liberty Mutual","CS, Math, Stats",TRUE,TRUE,"BS","FT, Intern","Yes","Math","Math"
"754",109,NA,"Lockheed Martin","Physics, Math, CS",TRUE,TRUE,"BS, MS","FT, Intern","Yes","Math","Math"
"756",111,NA,"Macy's, Inc.","Textiles and Apparel, Stats, Math, CS",TRUE,TRUE,"BS","FT, Intern","Yes","Math","Math"
"757",112,NA,"Main Street Hub","Physics, Math, CS",TRUE,TRUE,"BS","FT","Yes","Math","Math"
"758",113,NA,"Mellanox Technologies","CS, Physics, Math, Stats",TRUE,TRUE,NA,"FT, Intern","No","Math","Math"
"759",114,NA,"MaxPoint","CS, Math, Stats",TRUE,TRUE,NA,"FT, Intern","No","Math","Math"
"760",115,NA,"Meraki","Math, CS",TRUE,TRUE,"BS, MS, Ph.D.","FT, Intern","No","Math","Math"
"761",116,"Actuarial Section","Mercer","Stats, Public Health, Math, CS",TRUE,TRUE,"BS","FT, Intern","Yes","Math","Math"
"763",118,NA,"Microsoft","Math, CS",TRUE,TRUE,"BS, MS, Ph.D.","FT, Intern","No","Math","Math"
"764",119,NA,"MIT Lincoln Laboratory","Physics, Math, CS, Chem, Bio, BioChem, Astronomy",TRUE,TRUE,"BS, MS, Ph.D.","FT, Intern","Yes","Math","Math"
"765",120,NA,"National Instruments","Math, CS",TRUE,TRUE,"BS, MS, Ph.D.","FT, Intern","No","Math","Math"
"766",121,NA,"NCC Group","Math, CS",TRUE,TRUE,"BS, MS, Ph.D.","FT, Intern","No","Math","Math"
"768",123,NA,"O'Connor's","Stats, Math, CS",TRUE,TRUE,"BS","FT, Intern","No","Math","Math"
"769",124,NA,"o9 Solutions, Inc.","All Majors",FALSE,FALSE,NA,"FT, Intern","No","Math","Math"
"771",126,NA,"Oracle","Stats, Physics, Math, CS",TRUE,TRUE,"BS, MS, Ph.D.","FT, Intern","No","Math","Math"
"773",128,NA,"Palantir Technologies","Stats, Math, CS",TRUE,TRUE,"BS, MS","FT, Intern","Yes","Math","Math"
"775",130,NA,"Pariveda Solutions","Physics, Math, CS",TRUE,TRUE,"BS","FT, Intern","Yes","Math","Math"
"777",132,NA,"Peace Corps","All Majors",FALSE,FALSE,"BS, MS","FT","Yes","Math","Math"
"779",134,NA,"PepsiCo","CS, Physics, Math, Stats",TRUE,TRUE,NA,"FT, Intern","Yes","Math","Math"
"781",136,NA,"Periscope Holdings, Inc.","All Majors",FALSE,FALSE,NA,"FT","Yes","Math","Math"
"784",139,NA,"PricewaterhouseCoopers","Math, CS",TRUE,TRUE,"BS, MS","FT, Intern","Yes","Math","Math"
"787",142,NA,"PROS","CS, Math",TRUE,TRUE,"BA, MS, Ph.D.","FT","Yes","Math","Math"
"790",145,NA,"Quantlab Financial, LLC","Physics, Math, CS",TRUE,TRUE,"BS, MS, Ph.D.","FT, Intern","No","Math","Math"
"791",146,NA,"Quora","Stats, Math, CS",TRUE,TRUE,"BS, MS, Ph.D.","FT, Intern","No","Math","Math"
"792",147,NA,"Quorum Business Solutions","Stats, Physics, Math, CS, Chem",TRUE,TRUE,"BS, MS","FT","Yes","Math","Math"
"793",148,NA,"Rackspace","Math, CS",TRUE,TRUE,"BS, MS, Ph.D.","FT, Intern","Yes","Math","Math"
"794",149,NA,"Raytheon Company","Physics, Math, CS",TRUE,TRUE,"BS, MS","FT, Intern","Yes","Math","Math"
"799",154,"Actuarial Section","Rudd and Wisdom, Inc. Consulting Actuaries","Math",FALSE,TRUE,NA,"FT, Intern","Yes","Math","Math"
"800",155,NA,"Rx Wiki","All Majors",FALSE,FALSE,NA,"FT","Yes","Math","Math"
"801",156,NA,"Salesforce","Stats, Math, CS",TRUE,TRUE,"BS, MS, Ph.D.","FT, Intern","No","Math","Math"
"802",157,NA,"Sandia National Laboratories","Stats, Physics, Math, EnviroSci, CS, Chem, BioChem, Astronomy",TRUE,TRUE,"BS, MS, Ph.D.","FT, Intern","Yes","Math","Math"
"803",158,NA,"SAS Institute","CS, Physics, Math, Stats",TRUE,TRUE,NA,"FT, Intern","Yes","Math","Math"
"807",162,NA,"Southwestern Energy","CS, Physics, Math, Stats",TRUE,TRUE,NA,"Intern","Yes","Math","Math"
"809",164,"Technology Start Up Village","SpiceWorks","CS, Math",TRUE,TRUE,"BA","Intern","Yes","Math","Math"
"811",166,NA,"Spredfast","All Majors",FALSE,FALSE,NA,"FT, Intern","Yes","Math","Math"
"812",167,NA,"State Farm Insurance Companies","CS, Math, Stats",TRUE,TRUE,"BA, MS","FT, Intern","Yes","Math","Math"
"815",170,NA,"SunGard Financial Systems","Math, CS",TRUE,TRUE,"BS","FT","No","Math","Math"
"816",171,NA,"Tableau Software","Math, CS",TRUE,TRUE,"BS, MS","FT, Intern","No","Math","Math"
"817",172,NA,"Target Corporation","All Majors",FALSE,FALSE,"BS, MS","FT, Intern","Yes","Math","Math"
"818",173,NA,"TechemetÂ MetalÂ Trading","CS,Â Math",TRUE,TRUE,"BA,Â MS","FT","No","Math","Â Math"
"819",174,NA,"Telogis","Math, CS",TRUE,TRUE,"BS, MS","FT, Intern","No","Math","Math"
"821",176,NA,"Texas Commission on Environmental Quality","All Majors",FALSE,FALSE,"BA, MS","Intern","Yes","Math","Math"
"823",178,NA,"Texas Water Development Board","All Majors",FALSE,FALSE,"BA, Cert, MS, Ph.D.","FT, Intern","Yes","Math","Math"
"826",181,NA,"The Dow Chemical Company","CS, Physics, Math, Stats",TRUE,TRUE,"BS, MS, Ph.D.","FT, Intern","Yes","Math","Math"
"827",182,NA,"Thomson Reuters","Math, Stats, CS, Physics",TRUE,TRUE,NA,"FT, Intern","Yes","Math","Math"
"829",184,NA,"TIBCO Software Inc.","CS, Physics, Math, Stats",TRUE,TRUE,NA,"FT, Intern","No","Math","Math"
"830",185,NA,"Tinker Air Force Base Civilian Employment","CS, Physics, Math, Stats",TRUE,TRUE,NA,"FT","Yes","Math","Math"
"831",186,"Actuarial Section","Towers Watson","Stats, Public Health, Math",FALSE,TRUE,"BS, MS","FT, Intern","No","Math","Math"
"833",188,NA,"Turnitin","CS, Physics, Math, Stats",TRUE,TRUE,NA,"FT","Yes","Math","Math"
"835",190,"Technology Start Up Village","Umbel","All Majors",FALSE,FALSE,"BA, Cert, MS, Ph.D.","FT, Intern","No","Math","Math"
"837",192,NA,"Under Armour","Textiles and Apparel, Physics, Math, CS",TRUE,TRUE,"BS","Intern","No","Math","Math"
"838",193,NA,"Union Pacific Railroad","Stats, Math, CS",TRUE,TRUE,"BS, MS, Ph.D.","FT, Intern","No","Math","Math"
"840",195,NA,"US Army Aviation and Missile Research, Development, and Engineering Center","Chem, CS, Math, Physics, Stats",TRUE,TRUE,NA,"FT","Yes","Math","Math"
"841",196,NA,"US Marine Corps Officer Selection Team Austin, TX","All Majors",FALSE,FALSE,NA,"FT, Intern","Yes","Math","Math"
"842",197,NA,"US Navy","All Majors",FALSE,FALSE,"BA","FT","Yes","Math","Math"
"843",198,"Actuarial Section","USAA","Math, CS",TRUE,TRUE,"BS, MS","FT, Intern","Yes","Math","Math"
"844",199,NA,"uShip","CS, Physics, Math, Stats",TRUE,TRUE,NA,"Intern","No","Math","Math"
"845",200,NA,"UT Health School of Biomedical Informatics at Hou","All Majors",FALSE,FALSE,"BA","FT","No","Math","Math"
"848",203,NA,"Verizon","Math, CS",TRUE,TRUE,"BS, MS","FT, Intern","No","Math","Math"
"849",204,NA,"Visa","CS, Physics, Math, Stats",TRUE,TRUE,"BS, MS, Ph.D.","FT, Intern","No","Math","Math"
"850",205,NA,"VML","CS, Physics, Math, Stats, TXA",TRUE,TRUE,NA,"FT, Intern","No","Math","Math"
"852",207,NA,"Volusion","Physics, Math, CS",TRUE,TRUE,"BS, MS","FT, Intern","No","Math","Math"
"853",208,NA,"Websense","Bio, CS, Math, Physics, Stats Elements ofComp Cert.",TRUE,TRUE,"BA, Cert, MS","FT, Intern","Yes","Math","Math"
"855",210,NA,"WhatsApp","Physics, Math, CS",TRUE,TRUE,NA,"FT, Intern","No","Math","Math"
"856",211,NA,"Workday","Stats, Math, CS",TRUE,TRUE,"BS","FT, Intern","Yes","Math","Math"
"857",212,NA,"WP Engine","All Majors",FALSE,FALSE,"BS","FT","Yes","Math","Math"
"858",213,NA,"Xerox","All Majors",FALSE,FALSE,NA,"FT","No","Math","Math"
"860",215,NA,"YES Prep Public Schools","All Majors",FALSE,FALSE,"BS, MS, Ph.D.","FT, Intern","No","Math","Math"
"864",4,"Actuarial Section","AIG","All Majors",FALSE,FALSE,"BS, MS","FT, Intern","No","Physics","Physics"
"872",12,NA,"AmeriCorps","All Majors",FALSE,FALSE,"BS, Cert, MS","FT","Yes","Physics","Physics"
"875",15,NA,"Aon","All Majors",FALSE,FALSE,"BS","FT, Intern","Yes","Physics","Physics"
"876",16,NA,"Applied Research Laboratories (ARL)","CS, Math, Physics",TRUE,TRUE,"BA, MS, Ph.D.","FT, Intern","Yes","Physics","Physics"
"878",18,NA,"AT&T","Stats, Physics, Math, CS",TRUE,TRUE,"BS, MS","FT, Intern","Yes","Physics","Physics"
"879",19,NA,"athenahealth, Inc.","Physics, Math, CS",TRUE,TRUE,"BS, Cert, MS, Ph.D.","FT, Intern","Yes","Physics","Physics"
"884",24,NA,"Bloomberg","Math, Physics, CS",TRUE,TRUE,"BS, MS, Ph.D.","FT, Intern","No","Physics","Physics"
"885",25,NA,"Blue Cross and Blue Shield of IL, MT, OK, NM and TX","All Majors",FALSE,FALSE,NA,"FT, Intern","Yes","Physics","Physics"
"887",27,NA,"Booz Allen Hamilton","All Majors",FALSE,FALSE,"BS, MS","FT","Yes","Physics","Physics"
"890",30,NA,"Buoy, Inc.","CS, Physics, Math, Stats",TRUE,TRUE,NA,"FT","Yes","Physics","Physics"
"891",31,"Actuarial Section","Burns and Wilcox","All Majors",FALSE,FALSE,NA,"FT, Intern","Yes","Physics","Physics"
"893",33,NA,"Capital One","Public Health, Physics, Math, EnviroSci, CS, Chem, Bio, BioChem, Astronomy",TRUE,TRUE,"BS","FT, Intern","Yes","Physics","Physics"
"894",34,NA,"CAPSHER","CS, Math, Physics",TRUE,TRUE,NA,"FT, Intern","Yes","Physics","Physics"
"895",35,NA,"CGG","Physics, Math, CS",TRUE,TRUE,"BS, MS, Ph.D.","FT","No","Physics","Physics"
"896",36,NA,"Charles Schwab & Co.","All Majors",FALSE,FALSE,"BS, MS","FT, Intern","Yes","Physics","Physics"
"899",39,NA,"Citadel LLC","All Majors",FALSE,FALSE,NA,"FT, Intern","No","Physics","Physics"
"900",40,NA,"Citi","Stats, Physics, Math, CS",TRUE,TRUE,"BS, MS","FT, Intern","Yes","Physics","Physics"
"902",42,NA,"Civilian Logistics Career Management Office (CLCMO)","All Majors",FALSE,FALSE,NA,"FT, Intern","No","Physics","Physics"
"904",44,NA,"Clover Network","CS, Physics, Math, Stats, TXA",TRUE,TRUE,NA,"FT, Intern","Yes","Physics","Physics"
"906",46,NA,"Cox Automotive","Physics, Math, CS",TRUE,TRUE,"BS","FT, Intern","Yes","Physics","Physics"
"911",51,NA,"Customer Marketing Group","Stats, Physics, Math",FALSE,TRUE,"BS, MS, Ph.D.","Intern","No","Physics","Physics"
"912",52,NA,"Cvent","All Majors",FALSE,FALSE,"BS, MS","FT","No","Physics","Physics"
"918",58,NA,"Dimensional Fund Advisors","All Majors",FALSE,FALSE,NA,"FT, Intern","Yes","Physics","Physics"
"921",61,NA,"Elbit Systems of America","CS, Physics, Math, Stats",TRUE,TRUE,NA,"FT, Intern","Yes","Physics","Physics"
"923",63,NA,"Enthought","Stats, Physics, Bio, Math, CS, Chem, Astronomy",TRUE,TRUE,"MS, Ph.D.","FT, Intern","Yes","Physics","Physics"
"925",65,NA,"Epic","Math, Stats, Physics, CS, Chem, Bio, BioChem",TRUE,TRUE,"BS, MS, Ph.D.","FT, Intern","No","Physics","Physics"
"930",70,NA,"Facebook","Physics, Math, CS",TRUE,TRUE,"BS, MS","FT, Intern","No","Physics","Physics"
"935",75,NA,"Fluke Networks","CS, Physics, Math, Stats",TRUE,TRUE,NA,"FT, Intern","Yes","Physics","Physics"
"939",79,NA,"General Electric","CS, Math, Physics",TRUE,TRUE,NA,"FT","Yes","Physics","Physics"
"943",83,NA,"Goldman Sachs","All Majors",FALSE,FALSE,"BS","Intern","No","Physics","Physics"
"945",85,"Technology Start Up Village","Graphiq","Astronomy, Bio, Biochem, Chem, CS, Math, Physics, Stats",TRUE,TRUE,"BS, MS, Ph.D.","FT, Intern","No","Physics","Physics"
"951",91,NA,"HMS -Â­â (Health Management System)","All Majors",FALSE,FALSE,"BA","Intern","Yes","Physics","Physics"
"956",96,NA,"Identropy, Inc.","All Majors",FALSE,FALSE,NA,"FT","No","Physics","Physics"
"958",98,NA,"Information Technology Services at the University of Texas in Austin","All Majors",FALSE,FALSE,NA,"FT, Intern","Yes","Physics","Physics"
"960",100,NA,"Intel Corporation","Stats, Physics, Math, CS, Chem",TRUE,TRUE,"BS, MS, Ph.D.","FT, Intern","No","Physics","Physics"
"961",101,NA,"Jet Propulsion Laboratory","CS, EnviroSci, HDFS, Math Physics, Stats",TRUE,TRUE,"BA, MS, Ph.D.","FT, Intern","Yes","Physics","Physics"
"963",103,NA,"KPMG LLP","CS, Physics, Math, Stats",TRUE,TRUE,"BS, MS, Ph.D.","FT","No","Physics","Physics"
"965",105,NA,"L'Oreal","Chem, Physics, Math",FALSE,TRUE,NA,"FT, Intern","Yes","Physics","Physics"
"972",112,NA,"Main Street Hub","Physics, Math, CS",TRUE,TRUE,"BS","FT","Yes","Physics","Physics"
"973",113,NA,"Mellanox Technologies","CS, Physics, Math, Stats",TRUE,TRUE,NA,"FT, Intern","No","Physics","Physics"
"979",119,NA,"MIT Lincoln Laboratory","Physics, Math, CS, Chem, Bio, BioChem, Astronomy",TRUE,TRUE,"BS, MS, Ph.D.","FT, Intern","Yes","Physics","Physics"
"984",124,NA,"o9 Solutions, Inc.","All Majors",FALSE,FALSE,NA,"FT, Intern","No","Physics","Physics"
"986",126,NA,"Oracle","Stats, Physics, Math, CS",TRUE,TRUE,"BS, MS, Ph.D.","FT, Intern","No","Physics","Physics"
"990",130,NA,"Pariveda Solutions","Physics, Math, CS",TRUE,TRUE,"BS","FT, Intern","Yes","Physics","Physics"
"992",132,NA,"Peace Corps","All Majors",FALSE,FALSE,"BS, MS","FT","Yes","Physics","Physics"
"994",134,NA,"PepsiCo","CS, Physics, Math, Stats",TRUE,TRUE,NA,"FT, Intern","Yes","Physics","Physics"
"996",136,NA,"Periscope Holdings, Inc.","All Majors",FALSE,FALSE,NA,"FT","Yes","Physics","Physics"
"1007",147,NA,"Quorum Business Solutions","Stats, Physics, Math, CS, Chem",TRUE,TRUE,"BS, MS","FT","Yes","Physics","Physics"
"1009",149,NA,"Raytheon Company","Physics, Math, CS",TRUE,TRUE,"BS, MS","FT, Intern","Yes","Physics","Physics"
"1015",155,NA,"Rx Wiki","All Majors",FALSE,FALSE,NA,"FT","Yes","Physics","Physics"
"1017",157,NA,"Sandia National Laboratories","Stats, Physics, Math, EnviroSci, CS, Chem, BioChem, Astronomy",TRUE,TRUE,"BS, MS, Ph.D.","FT, Intern","Yes","Physics","Physics"
"1018",158,NA,"SAS Institute","CS, Physics, Math, Stats",TRUE,TRUE,NA,"FT, Intern","Yes","Physics","Physics"
"1022",162,NA,"Southwestern Energy","CS, Physics, Math, Stats",TRUE,TRUE,NA,"Intern","Yes","Physics","Physics"
"1026",166,NA,"Spredfast","All Majors",FALSE,FALSE,NA,"FT, Intern","Yes","Physics","Physics"
"1032",172,NA,"Target Corporation","All Majors",FALSE,FALSE,"BS, MS","FT, Intern","Yes","Physics","Physics"
"1036",176,NA,"Texas Commission on Environmental Quality","All Majors",FALSE,FALSE,"BA, MS","Intern","Yes","Physics","Physics"
"1038",178,NA,"Texas Water Development Board","All Majors",FALSE,FALSE,"BA, Cert, MS, Ph.D.","FT, Intern","Yes","Physics","Physics"
"1041",181,NA,"The Dow Chemical Company","CS, Physics, Math, Stats",TRUE,TRUE,"BS, MS, Ph.D.","FT, Intern","Yes","Physics","Physics"
"1042",182,NA,"Thomson Reuters","Math, Stats, CS, Physics",TRUE,TRUE,NA,"FT, Intern","Yes","Physics","Physics"
"1044",184,NA,"TIBCO Software Inc.","CS, Physics, Math, Stats",TRUE,TRUE,NA,"FT, Intern","No","Physics","Physics"
"1045",185,NA,"Tinker Air Force Base Civilian Employment","CS, Physics, Math, Stats",TRUE,TRUE,NA,"FT","Yes","Physics","Physics"
"1048",188,NA,"Turnitin","CS, Physics, Math, Stats",TRUE,TRUE,NA,"FT","Yes","Physics","Physics"
"1050",190,"Technology Start Up Village","Umbel","All Majors",FALSE,FALSE,"BA, Cert, MS, Ph.D.","FT, Intern","No","Physics","Physics"
"1052",192,NA,"Under Armour","Textiles and Apparel, Physics, Math, CS",TRUE,TRUE,"BS","Intern","No","Physics","Physics"
"1055",195,NA,"US Army Aviation and Missile Research, Development, and Engineering Center","Chem, CS, Math, Physics, Stats",TRUE,TRUE,NA,"FT","Yes","Physics","Physics"
"1056",196,NA,"US Marine Corps Officer Selection Team Austin, TX","All Majors",FALSE,FALSE,NA,"FT, Intern","Yes","Physics","Physics"
"1057",197,NA,"US Navy","All Majors",FALSE,FALSE,"BA","FT","Yes","Physics","Physics"
"1059",199,NA,"uShip","CS, Physics, Math, Stats",TRUE,TRUE,NA,"Intern","No","Physics","Physics"
"1060",200,NA,"UT Health School of Biomedical Informatics at Hou","All Majors",FALSE,FALSE,"BA","FT","No","Physics","Physics"
"1061",201,NA,"UT Health Science Center at Tyler","Biochem, Bio, Chem, MedLabSci, Physics, HP",FALSE,FALSE,"BA","FT","Yes","Physics","Physics"
"1064",204,NA,"Visa","CS, Physics, Math, Stats",TRUE,TRUE,"BS, MS, Ph.D.","FT, Intern","No","Physics","Physics"
"1065",205,NA,"VML","CS, Physics, Math, Stats, TXA",TRUE,TRUE,NA,"FT, Intern","No","Physics","Physics"
"1067",207,NA,"Volusion","Physics, Math, CS",TRUE,TRUE,"BS, MS","FT, Intern","No","Physics","Physics"
"1068",208,NA,"Websense","Bio, CS, Math, Physics, Stats Elements ofComp Cert.",TRUE,TRUE,"BA, Cert, MS","FT, Intern","Yes","Physics","Physics"
"1070",210,NA,"WhatsApp","Physics, Math, CS",TRUE,TRUE,NA,"FT, Intern","No","Physics","Physics"
"1072",212,NA,"WP Engine","All Majors",FALSE,FALSE,"BS","FT","Yes","Physics","Physics"
"1073",213,NA,"Xerox","All Majors",FALSE,FALSE,NA,"FT","No","Physics","Physics"
"1075",215,NA,"YES Prep Public Schools","All Majors",FALSE,FALSE,"BS, MS, Ph.D.","FT, Intern","No","Physics","Physics"
"1079",4,"Actuarial Section","AIG","All Majors",FALSE,FALSE,"BS, MS","FT, Intern","No","Chem","Chem"
"1087",12,NA,"AmeriCorps","All Majors",FALSE,FALSE,"BS, Cert, MS","FT","Yes","Chem","Chem"
"1090",15,NA,"Aon","All Majors",FALSE,FALSE,"BS","FT, Intern","Yes","Chem","Chem"
"1100",25,NA,"Blue Cross and Blue Shield of IL, MT, OK, NM and TX","All Majors",FALSE,FALSE,NA,"FT, Intern","Yes","Chem","Chem"
"1102",27,NA,"Booz Allen Hamilton","All Majors",FALSE,FALSE,"BS, MS","FT","Yes","Chem","Chem"
"1106",31,"Actuarial Section","Burns and Wilcox","All Majors",FALSE,FALSE,NA,"FT, Intern","Yes","Chem","Chem"
"1108",33,NA,"Capital One","Public Health, Physics, Math, EnviroSci, CS, Chem, Bio, BioChem, Astronomy",TRUE,TRUE,"BS","FT, Intern","Yes","Chem","Chem"
"1111",36,NA,"Charles Schwab & Co.","All Majors",FALSE,FALSE,"BS, MS","FT, Intern","Yes","Chem","Chem"
"1114",39,NA,"Citadel LLC","All Majors",FALSE,FALSE,NA,"FT, Intern","No","Chem","Chem"
"1117",42,NA,"Civilian Logistics Career Management Office (CLCMO)","All Majors",FALSE,FALSE,NA,"FT, Intern","No","Chem","Chem"
"1127",52,NA,"Cvent","All Majors",FALSE,FALSE,"BS, MS","FT","No","Chem","Chem"
"1133",58,NA,"Dimensional Fund Advisors","All Majors",FALSE,FALSE,NA,"FT, Intern","Yes","Chem","Chem"
"1138",63,NA,"Enthought","Stats, Physics, Bio, Math, CS, Chem, Astronomy",TRUE,TRUE,"MS, Ph.D.","FT, Intern","Yes","Chem","Chem"
"1140",65,NA,"Epic","Math, Stats, Physics, CS, Chem, Bio, BioChem",TRUE,TRUE,"BS, MS, Ph.D.","FT, Intern","No","Chem","Chem"
"1142",67,NA,"Evonik Corporation","EnviroSci, Chem, Bio, BioChem",FALSE,FALSE,"BS, MS","FT, Intern","Yes","Chem","Chem"
"1144",69,NA,"ExxonMobil Corporation","Chem (Ph.D.), CS",TRUE,FALSE,"BS, MS","FT, Intern","Yes","Chem","Chem"
"1158",83,NA,"Goldman Sachs","All Majors",FALSE,FALSE,"BS","Intern","No","Chem","Chem"
"1160",85,"Technology Start Up Village","Graphiq","Astronomy, Bio, Biochem, Chem, CS, Math, Physics, Stats",TRUE,TRUE,"BS, MS, Ph.D.","FT, Intern","No","Chem","Chem"
"1161",86,NA,"Halliburton","Math, CS, Chem, BioChem",TRUE,TRUE,"MS, Ph.D.","FT, Intern","Yes","Chem","Chem"
"1166",91,NA,"HMS -Â­â (Health Management System)","All Majors",FALSE,FALSE,"BA","Intern","Yes","Chem","Chem"
"1171",96,NA,"Identropy, Inc.","All Majors",FALSE,FALSE,NA,"FT","No","Chem","Chem"
"1173",98,NA,"Information Technology Services at the University of Texas in Austin","All Majors",FALSE,FALSE,NA,"FT, Intern","Yes","Chem","Chem"
"1175",100,NA,"Intel Corporation","Stats, Physics, Math, CS, Chem",TRUE,TRUE,"BS, MS, Ph.D.","FT, Intern","No","Chem","Chem"
"1180",105,NA,"L'Oreal","Chem, Physics, Math",FALSE,TRUE,NA,"FT, Intern","Yes","Chem","Chem"
"1194",119,NA,"MIT Lincoln Laboratory","Physics, Math, CS, Chem, Bio, BioChem, Astronomy",TRUE,TRUE,"BS, MS, Ph.D.","FT, Intern","Yes","Chem","Chem"
"1199",124,NA,"o9 Solutions, Inc.","All Majors",FALSE,FALSE,NA,"FT, Intern","No","Chem","Chem"
"1207",132,NA,"Peace Corps","All Majors",FALSE,FALSE,"BS, MS","FT","Yes","Chem","Chem"
"1211",136,NA,"Periscope Holdings, Inc.","All Majors",FALSE,FALSE,NA,"FT","Yes","Chem","Chem"
"1215",140,NA,"Procter & Gamble","Chem, Bio, BioChem",FALSE,FALSE,"BS, MS, Ph.D.","FT, Intern","Yes","Chem","Chem"
"1222",147,NA,"Quorum Business Solutions","Stats, Physics, Math, CS, Chem",TRUE,TRUE,"BS, MS","FT","Yes","Chem","Chem"
"1230",155,NA,"Rx Wiki","All Majors",FALSE,FALSE,NA,"FT","Yes","Chem","Chem"
"1232",157,NA,"Sandia National Laboratories","Stats, Physics, Math, EnviroSci, CS, Chem, BioChem, Astronomy",TRUE,TRUE,"BS, MS, Ph.D.","FT, Intern","Yes","Chem","Chem"
"1241",166,NA,"Spredfast","All Majors",FALSE,FALSE,NA,"FT, Intern","Yes","Chem","Chem"
"1247",172,NA,"Target Corporation","All Majors",FALSE,FALSE,"BS, MS","FT, Intern","Yes","Chem","Chem"
"1251",176,NA,"Texas Commission on Environmental Quality","All Majors",FALSE,FALSE,"BA, MS","Intern","Yes","Chem","Chem"
"1253",178,NA,"Texas Water Development Board","All Majors",FALSE,FALSE,"BA, Cert, MS, Ph.D.","FT, Intern","Yes","Chem","Chem"
"1255",180,NA,"The Blood & Tissue Center of Central Texas","Bio, Biochem, Chem, Stats, NeuroSci, HDFS, Public Health",FALSE,TRUE,NA,"FT, Intern","Yes","Chem","Chem"
"1265",190,"Technology Start Up Village","Umbel","All Majors",FALSE,FALSE,"BA, Cert, MS, Ph.D.","FT, Intern","No","Chem","Chem"
"1270",195,NA,"US Army Aviation and Missile Research, Development, and Engineering Center","Chem, CS, Math, Physics, Stats",TRUE,TRUE,NA,"FT","Yes","Chem","Chem"
"1271",196,NA,"US Marine Corps Officer Selection Team Austin, TX","All Majors",FALSE,FALSE,NA,"FT, Intern","Yes","Chem","Chem"
"1272",197,NA,"US Navy","All Majors",FALSE,FALSE,"BA","FT","Yes","Chem","Chem"
"1275",200,NA,"UT Health School of Biomedical Informatics at Hou","All Majors",FALSE,FALSE,"BA","FT","No","Chem","Chem"
"1276",201,NA,"UT Health Science Center at Tyler","Biochem, Bio, Chem, MedLabSci, Physics, HP",FALSE,FALSE,"BA","FT","Yes","Chem","Chem"
"1287",212,NA,"WP Engine","All Majors",FALSE,FALSE,"BS","FT","Yes","Chem","Chem"
"1288",213,NA,"Xerox","All Majors",FALSE,FALSE,NA,"FT","No","Chem","Chem"
"1290",215,NA,"YES Prep Public Schools","All Majors",FALSE,FALSE,"BS, MS, Ph.D.","FT, Intern","No","Chem","Chem"
"1294",4,"Actuarial Section","AIG","All Majors",FALSE,FALSE,"BS, MS","FT, Intern","No","Bio","Bio"
"1302",12,NA,"AmeriCorps","All Majors",FALSE,FALSE,"BS, Cert, MS","FT","Yes","Bio","Bio"
"1305",15,NA,"Aon","All Majors",FALSE,FALSE,"BS","FT, Intern","Yes","Bio","Bio"
"1315",25,NA,"Blue Cross and Blue Shield of IL, MT, OK, NM and TX","All Majors",FALSE,FALSE,NA,"FT, Intern","Yes","Bio","Bio"
"1317",27,NA,"Booz Allen Hamilton","All Majors",FALSE,FALSE,"BS, MS","FT","Yes","Bio","Bio"
"1321",31,"Actuarial Section","Burns and Wilcox","All Majors",FALSE,FALSE,NA,"FT, Intern","Yes","Bio","Bio"
"1323",33,NA,"Capital One","Public Health, Physics, Math, EnviroSci, CS, Chem, Bio, BioChem, Astronomy",TRUE,TRUE,"BS","FT, Intern","Yes","Bio","Bio"
"1326",36,NA,"Charles Schwab & Co.","All Majors",FALSE,FALSE,"BS, MS","FT, Intern","Yes","Bio","Bio"
"1329",39,NA,"Citadel LLC","All Majors",FALSE,FALSE,NA,"FT, Intern","No","Bio","Bio"
"1332",42,NA,"Civilian Logistics Career Management Office (CLCMO)","All Majors",FALSE,FALSE,NA,"FT, Intern","No","Bio","Bio"
"1342",52,NA,"Cvent","All Majors",FALSE,FALSE,"BS, MS","FT","No","Bio","Bio"
"1348",58,NA,"Dimensional Fund Advisors","All Majors",FALSE,FALSE,NA,"FT, Intern","Yes","Bio","Bio"
"1353",63,NA,"Enthought","Stats, Physics, Bio, Math, CS, Chem, Astronomy",TRUE,TRUE,"MS, Ph.D.","FT, Intern","Yes","Bio","Bio"
"1355",65,NA,"Epic","Math, Stats, Physics, CS, Chem, Bio, BioChem",TRUE,TRUE,"BS, MS, Ph.D.","FT, Intern","No","Bio","Bio"
"1357",67,NA,"Evonik Corporation","EnviroSci, Chem, Bio, BioChem",FALSE,FALSE,"BS, MS","FT, Intern","Yes","Bio","Bio"
"1373",83,NA,"Goldman Sachs","All Majors",FALSE,FALSE,"BS","Intern","No","Bio","Bio"
"1375",85,"Technology Start Up Village","Graphiq","Astronomy, Bio, Biochem, Chem, CS, Math, Physics, Stats",TRUE,TRUE,"BS, MS, Ph.D.","FT, Intern","No","Bio","Bio"
"1381",91,NA,"HMS -Â­â (Health Management System)","All Majors",FALSE,FALSE,"BA","Intern","Yes","Bio","Bio"
"1386",96,NA,"Identropy, Inc.","All Majors",FALSE,FALSE,NA,"FT","No","Bio","Bio"
"1388",98,NA,"Information Technology Services at the University of Texas in Austin","All Majors",FALSE,FALSE,NA,"FT, Intern","Yes","Bio","Bio"
"1409",119,NA,"MIT Lincoln Laboratory","Physics, Math, CS, Chem, Bio, BioChem, Astronomy",TRUE,TRUE,"BS, MS, Ph.D.","FT, Intern","Yes","Bio","Bio"
"1414",124,NA,"o9 Solutions, Inc.","All Majors",FALSE,FALSE,NA,"FT, Intern","No","Bio","Bio"
"1422",132,NA,"Peace Corps","All Majors",FALSE,FALSE,"BS, MS","FT","Yes","Bio","Bio"
"1426",136,NA,"Periscope Holdings, Inc.","All Majors",FALSE,FALSE,NA,"FT","Yes","Bio","Bio"
"1430",140,NA,"Procter & Gamble","Chem, Bio, BioChem",FALSE,FALSE,"BS, MS, Ph.D.","FT, Intern","Yes","Bio","Bio"
"1445",155,NA,"Rx Wiki","All Majors",FALSE,FALSE,NA,"FT","Yes","Bio","Bio"
"1456",166,NA,"Spredfast","All Majors",FALSE,FALSE,NA,"FT, Intern","Yes","Bio","Bio"
"1462",172,NA,"Target Corporation","All Majors",FALSE,FALSE,"BS, MS","FT, Intern","Yes","Bio","Bio"
"1466",176,NA,"Texas Commission on Environmental Quality","All Majors",FALSE,FALSE,"BA, MS","Intern","Yes","Bio","Bio"
"1468",178,NA,"Texas Water Development Board","All Majors",FALSE,FALSE,"BA, Cert, MS, Ph.D.","FT, Intern","Yes","Bio","Bio"
"1470",180,NA,"The Blood & Tissue Center of Central Texas","Bio, Biochem, Chem, Stats, NeuroSci, HDFS, Public Health",FALSE,TRUE,NA,"FT, Intern","Yes","Bio","Bio"
"1480",190,"Technology Start Up Village","Umbel","All Majors",FALSE,FALSE,"BA, Cert, MS, Ph.D.","FT, Intern","No","Bio","Bio"
"1486",196,NA,"US Marine Corps Officer Selection Team Austin, TX","All Majors",FALSE,FALSE,NA,"FT, Intern","Yes","Bio","Bio"
"1487",197,NA,"US Navy","All Majors",FALSE,FALSE,"BA","FT","Yes","Bio","Bio"
"1490",200,NA,"UT Health School of Biomedical Informatics at Hou","All Majors",FALSE,FALSE,"BA","FT","No","Bio","Bio"
"1491",201,NA,"UT Health Science Center at Tyler","Biochem, Bio, Chem, MedLabSci, Physics, HP",FALSE,FALSE,"BA","FT","Yes","Bio","Bio"
"1498",208,NA,"Websense","Bio, CS, Math, Physics, Stats Elements ofComp Cert.",TRUE,TRUE,"BA, Cert, MS","FT, Intern","Yes","Bio","Bio"
"1502",212,NA,"WP Engine","All Majors",FALSE,FALSE,"BS","FT","Yes","Bio","Bio"
"1503",213,NA,"Xerox","All Majors",FALSE,FALSE,NA,"FT","No","Bio","Bio"
"1505",215,NA,"YES Prep Public Schools","All Majors",FALSE,FALSE,"BS, MS, Ph.D.","FT, Intern","No","Bio","Bio"
"1509",4,"Actuarial Section","AIG","All Majors",FALSE,FALSE,"BS, MS","FT, Intern","No","Biochem","Biochem"
"1517",12,NA,"AmeriCorps","All Majors",FALSE,FALSE,"BS, Cert, MS","FT","Yes","Biochem","Biochem"
"1520",15,NA,"Aon","All Majors",FALSE,FALSE,"BS","FT, Intern","Yes","Biochem","Biochem"
"1530",25,NA,"Blue Cross and Blue Shield of IL, MT, OK, NM and TX","All Majors",FALSE,FALSE,NA,"FT, Intern","Yes","Biochem","Biochem"
"1532",27,NA,"Booz Allen Hamilton","All Majors",FALSE,FALSE,"BS, MS","FT","Yes","Biochem","Biochem"
"1536",31,"Actuarial Section","Burns and Wilcox","All Majors",FALSE,FALSE,NA,"FT, Intern","Yes","Biochem","Biochem"
"1538",33,NA,"Capital One","Public Health, Physics, Math, EnviroSci, CS, Chem, Bio, BioChem, Astronomy",TRUE,TRUE,"BS","FT, Intern","Yes","Biochem","Biochem"
"1541",36,NA,"Charles Schwab & Co.","All Majors",FALSE,FALSE,"BS, MS","FT, Intern","Yes","Biochem","Biochem"
"1544",39,NA,"Citadel LLC","All Majors",FALSE,FALSE,NA,"FT, Intern","No","Biochem","Biochem"
"1547",42,NA,"Civilian Logistics Career Management Office (CLCMO)","All Majors",FALSE,FALSE,NA,"FT, Intern","No","Biochem","Biochem"
"1557",52,NA,"Cvent","All Majors",FALSE,FALSE,"BS, MS","FT","No","Biochem","Biochem"
"1563",58,NA,"Dimensional Fund Advisors","All Majors",FALSE,FALSE,NA,"FT, Intern","Yes","Biochem","Biochem"
"1570",65,NA,"Epic","Math, Stats, Physics, CS, Chem, Bio, BioChem",TRUE,TRUE,"BS, MS, Ph.D.","FT, Intern","No","Biochem","Biochem"
"1572",67,NA,"Evonik Corporation","EnviroSci, Chem, Bio, BioChem",FALSE,FALSE,"BS, MS","FT, Intern","Yes","Biochem","Biochem"
"1588",83,NA,"Goldman Sachs","All Majors",FALSE,FALSE,"BS","Intern","No","Biochem","Biochem"
"1590",85,"Technology Start Up Village","Graphiq","Astronomy, Bio, Biochem, Chem, CS, Math, Physics, Stats",TRUE,TRUE,"BS, MS, Ph.D.","FT, Intern","No","Biochem","Biochem"
"1591",86,NA,"Halliburton","Math, CS, Chem, BioChem",TRUE,TRUE,"MS, Ph.D.","FT, Intern","Yes","Biochem","Biochem"
"1596",91,NA,"HMS -Â­â (Health Management System)","All Majors",FALSE,FALSE,"BA","Intern","Yes","Biochem","Biochem"
"1601",96,NA,"Identropy, Inc.","All Majors",FALSE,FALSE,NA,"FT","No","Biochem","Biochem"
"1603",98,NA,"Information Technology Services at the University of Texas in Austin","All Majors",FALSE,FALSE,NA,"FT, Intern","Yes","Biochem","Biochem"
"1624",119,NA,"MIT Lincoln Laboratory","Physics, Math, CS, Chem, Bio, BioChem, Astronomy",TRUE,TRUE,"BS, MS, Ph.D.","FT, Intern","Yes","Biochem","Biochem"
"1629",124,NA,"o9 Solutions, Inc.","All Majors",FALSE,FALSE,NA,"FT, Intern","No","Biochem","Biochem"
"1637",132,NA,"Peace Corps","All Majors",FALSE,FALSE,"BS, MS","FT","Yes","Biochem","Biochem"
"1641",136,NA,"Periscope Holdings, Inc.","All Majors",FALSE,FALSE,NA,"FT","Yes","Biochem","Biochem"
"1645",140,NA,"Procter & Gamble","Chem, Bio, BioChem",FALSE,FALSE,"BS, MS, Ph.D.","FT, Intern","Yes","Biochem","Biochem"
"1660",155,NA,"Rx Wiki","All Majors",FALSE,FALSE,NA,"FT","Yes","Biochem","Biochem"
"1662",157,NA,"Sandia National Laboratories","Stats, Physics, Math, EnviroSci, CS, Chem, BioChem, Astronomy",TRUE,TRUE,"BS, MS, Ph.D.","FT, Intern","Yes","Biochem","Biochem"
"1671",166,NA,"Spredfast","All Majors",FALSE,FALSE,NA,"FT, Intern","Yes","Biochem","Biochem"
"1677",172,NA,"Target Corporation","All Majors",FALSE,FALSE,"BS, MS","FT, Intern","Yes","Biochem","Biochem"
"1681",176,NA,"Texas Commission on Environmental Quality","All Majors",FALSE,FALSE,"BA, MS","Intern","Yes","Biochem","Biochem"
"1683",178,NA,"Texas Water Development Board","All Majors",FALSE,FALSE,"BA, Cert, MS, Ph.D.","FT, Intern","Yes","Biochem","Biochem"
"1685",180,NA,"The Blood & Tissue Center of Central Texas","Bio, Biochem, Chem, Stats, NeuroSci, HDFS, Public Health",FALSE,TRUE,NA,"FT, Intern","Yes","Biochem","Biochem"
"1695",190,"Technology Start Up Village","Umbel","All Majors",FALSE,FALSE,"BA, Cert, MS, Ph.D.","FT, Intern","No","Biochem","Biochem"
"1701",196,NA,"US Marine Corps Officer Selection Team Austin, TX","All Majors",FALSE,FALSE,NA,"FT, Intern","Yes","Biochem","Biochem"
"1702",197,NA,"US Navy","All Majors",FALSE,FALSE,"BA","FT","Yes","Biochem","Biochem"
"1705",200,NA,"UT Health School of Biomedical Informatics at Hou","All Majors",FALSE,FALSE,"BA","FT","No","Biochem","Biochem"
"1706",201,NA,"UT Health Science Center at Tyler","Biochem, Bio, Chem, MedLabSci, Physics, HP",FALSE,FALSE,"BA","FT","Yes","Biochem","Biochem"
"1717",212,NA,"WP Engine","All Majors",FALSE,FALSE,"BS","FT","Yes","Biochem","Biochem"
"1718",213,NA,"Xerox","All Majors",FALSE,FALSE,NA,"FT","No","Biochem","Biochem"
"1720",215,NA,"YES Prep Public Schools","All Majors",FALSE,FALSE,"BS, MS, Ph.D.","FT, Intern","No","Biochem","Biochem"
"1724",4,"Actuarial Section","AIG","All Majors",FALSE,FALSE,"BS, MS","FT, Intern","No","EnviroSci","EnviroSci"
"1732",12,NA,"AmeriCorps","All Majors",FALSE,FALSE,"BS, Cert, MS","FT","Yes","EnviroSci","EnviroSci"
"1735",15,NA,"Aon","All Majors",FALSE,FALSE,"BS","FT, Intern","Yes","EnviroSci","EnviroSci"
"1745",25,NA,"Blue Cross and Blue Shield of IL, MT, OK, NM and TX","All Majors",FALSE,FALSE,NA,"FT, Intern","Yes","EnviroSci","EnviroSci"
"1747",27,NA,"Booz Allen Hamilton","All Majors",FALSE,FALSE,"BS, MS","FT","Yes","EnviroSci","EnviroSci"
"1751",31,"Actuarial Section","Burns and Wilcox","All Majors",FALSE,FALSE,NA,"FT, Intern","Yes","EnviroSci","EnviroSci"
"1753",33,NA,"Capital One","Public Health, Physics, Math, EnviroSci, CS, Chem, Bio, BioChem, Astronomy",TRUE,TRUE,"BS","FT, Intern","Yes","EnviroSci","EnviroSci"
"1756",36,NA,"Charles Schwab & Co.","All Majors",FALSE,FALSE,"BS, MS","FT, Intern","Yes","EnviroSci","EnviroSci"
"1759",39,NA,"Citadel LLC","All Majors",FALSE,FALSE,NA,"FT, Intern","No","EnviroSci","EnviroSci"
"1762",42,NA,"Civilian Logistics Career Management Office (CLCMO)","All Majors",FALSE,FALSE,NA,"FT, Intern","No","EnviroSci","EnviroSci"
"1772",52,NA,"Cvent","All Majors",FALSE,FALSE,"BS, MS","FT","No","EnviroSci","EnviroSci"
"1778",58,NA,"Dimensional Fund Advisors","All Majors",FALSE,FALSE,NA,"FT, Intern","Yes","EnviroSci","EnviroSci"
"1787",67,NA,"Evonik Corporation","EnviroSci, Chem, Bio, BioChem",FALSE,FALSE,"BS, MS","FT, Intern","Yes","EnviroSci","EnviroSci"
"1803",83,NA,"Goldman Sachs","All Majors",FALSE,FALSE,"BS","Intern","No","EnviroSci","EnviroSci"
"1811",91,NA,"HMS -Â­â (Health Management System)","All Majors",FALSE,FALSE,"BA","Intern","Yes","EnviroSci","EnviroSci"
"1816",96,NA,"Identropy, Inc.","All Majors",FALSE,FALSE,NA,"FT","No","EnviroSci","EnviroSci"
"1818",98,NA,"Information Technology Services at the University of Texas in Austin","All Majors",FALSE,FALSE,NA,"FT, Intern","Yes","EnviroSci","EnviroSci"
"1821",101,NA,"Jet Propulsion Laboratory","CS, EnviroSci, HDFS, Math Physics, Stats",TRUE,TRUE,"BA, MS, Ph.D.","FT, Intern","Yes","EnviroSci","EnviroSci"
"1844",124,NA,"o9 Solutions, Inc.","All Majors",FALSE,FALSE,NA,"FT, Intern","No","EnviroSci","EnviroSci"
"1852",132,NA,"Peace Corps","All Majors",FALSE,FALSE,"BS, MS","FT","Yes","EnviroSci","EnviroSci"
"1856",136,NA,"Periscope Holdings, Inc.","All Majors",FALSE,FALSE,NA,"FT","Yes","EnviroSci","EnviroSci"
"1875",155,NA,"Rx Wiki","All Majors",FALSE,FALSE,NA,"FT","Yes","EnviroSci","EnviroSci"
"1877",157,NA,"Sandia National Laboratories","Stats, Physics, Math, EnviroSci, CS, Chem, BioChem, Astronomy",TRUE,TRUE,"BS, MS, Ph.D.","FT, Intern","Yes","EnviroSci","EnviroSci"
"1883",163,NA,"Spectra Energy","EnviroSci",FALSE,FALSE,"BS","FT, Intern","Yes","EnviroSci","EnviroSci"
"1886",166,NA,"Spredfast","All Majors",FALSE,FALSE,NA,"FT, Intern","Yes","EnviroSci","EnviroSci"
"1892",172,NA,"Target Corporation","All Majors",FALSE,FALSE,"BS, MS","FT, Intern","Yes","EnviroSci","EnviroSci"
"1896",176,NA,"Texas Commission on Environmental Quality","All Majors",FALSE,FALSE,"BA, MS","Intern","Yes","EnviroSci","EnviroSci"
"1898",178,NA,"Texas Water Development Board","All Majors",FALSE,FALSE,"BA, Cert, MS, Ph.D.","FT, Intern","Yes","EnviroSci","EnviroSci"
"1910",190,"Technology Start Up Village","Umbel","All Majors",FALSE,FALSE,"BA, Cert, MS, Ph.D.","FT, Intern","No","EnviroSci","EnviroSci"
"1916",196,NA,"US Marine Corps Officer Selection Team Austin, TX","All Majors",FALSE,FALSE,NA,"FT, Intern","Yes","EnviroSci","EnviroSci"
"1917",197,NA,"US Navy","All Majors",FALSE,FALSE,"BA","FT","Yes","EnviroSci","EnviroSci"
"1920",200,NA,"UT Health School of Biomedical Informatics at Hou","All Majors",FALSE,FALSE,"BA","FT","No","EnviroSci","EnviroSci"
"1932",212,NA,"WP Engine","All Majors",FALSE,FALSE,"BS","FT","Yes","EnviroSci","EnviroSci"
"1933",213,NA,"Xerox","All Majors",FALSE,FALSE,NA,"FT","No","EnviroSci","EnviroSci"
"1935",215,NA,"YES Prep Public Schools","All Majors",FALSE,FALSE,"BS, MS, Ph.D.","FT, Intern","No","EnviroSci","EnviroSci"
"1939",4,"Actuarial Section","AIG","All Majors",FALSE,FALSE,"BS, MS","FT, Intern","No","Astronomy","Astronomy"
"1947",12,NA,"AmeriCorps","All Majors",FALSE,FALSE,"BS, Cert, MS","FT","Yes","Astronomy","Astronomy"
"1950",15,NA,"Aon","All Majors",FALSE,FALSE,"BS","FT, Intern","Yes","Astronomy","Astronomy"
"1960",25,NA,"Blue Cross and Blue Shield of IL, MT, OK, NM and TX","All Majors",FALSE,FALSE,NA,"FT, Intern","Yes","Astronomy","Astronomy"
"1962",27,NA,"Booz Allen Hamilton","All Majors",FALSE,FALSE,"BS, MS","FT","Yes","Astronomy","Astronomy"
"1966",31,"Actuarial Section","Burns and Wilcox","All Majors",FALSE,FALSE,NA,"FT, Intern","Yes","Astronomy","Astronomy"
"1968",33,NA,"Capital One","Public Health, Physics, Math, EnviroSci, CS, Chem, Bio, BioChem, Astronomy",TRUE,TRUE,"BS","FT, Intern","Yes","Astronomy","Astronomy"
"1971",36,NA,"Charles Schwab & Co.","All Majors",FALSE,FALSE,"BS, MS","FT, Intern","Yes","Astronomy","Astronomy"
"1974",39,NA,"Citadel LLC","All Majors",FALSE,FALSE,NA,"FT, Intern","No","Astronomy","Astronomy"
"1977",42,NA,"Civilian Logistics Career Management Office (CLCMO)","All Majors",FALSE,FALSE,NA,"FT, Intern","No","Astronomy","Astronomy"
"1987",52,NA,"Cvent","All Majors",FALSE,FALSE,"BS, MS","FT","No","Astronomy","Astronomy"
"1993",58,NA,"Dimensional Fund Advisors","All Majors",FALSE,FALSE,NA,"FT, Intern","Yes","Astronomy","Astronomy"
"1998",63,NA,"Enthought","Stats, Physics, Bio, Math, CS, Chem, Astronomy",TRUE,TRUE,"MS, Ph.D.","FT, Intern","Yes","Astronomy","Astronomy"
"2018",83,NA,"Goldman Sachs","All Majors",FALSE,FALSE,"BS","Intern","No","Astronomy","Astronomy"
"2020",85,"Technology Start Up Village","Graphiq","Astronomy, Bio, Biochem, Chem, CS, Math, Physics, Stats",TRUE,TRUE,"BS, MS, Ph.D.","FT, Intern","No","Astronomy","Astronomy"
"2026",91,NA,"HMS -Â­â (Health Management System)","All Majors",FALSE,FALSE,"BA","Intern","Yes","Astronomy","Astronomy"
"2031",96,NA,"Identropy, Inc.","All Majors",FALSE,FALSE,NA,"FT","No","Astronomy","Astronomy"
"2033",98,NA,"Information Technology Services at the University of Texas in Austin","All Majors",FALSE,FALSE,NA,"FT, Intern","Yes","Astronomy","Astronomy"
"2054",119,NA,"MIT Lincoln Laboratory","Physics, Math, CS, Chem, Bio, BioChem, Astronomy",TRUE,TRUE,"BS, MS, Ph.D.","FT, Intern","Yes","Astronomy","Astronomy"
"2059",124,NA,"o9 Solutions, Inc.","All Majors",FALSE,FALSE,NA,"FT, Intern","No","Astronomy","Astronomy"
"2067",132,NA,"Peace Corps","All Majors",FALSE,FALSE,"BS, MS","FT","Yes","Astronomy","Astronomy"
"2071",136,NA,"Periscope Holdings, Inc.","All Majors",FALSE,FALSE,NA,"FT","Yes","Astronomy","Astronomy"
"2090",155,NA,"Rx Wiki","All Majors",FALSE,FALSE,NA,"FT","Yes","Astronomy","Astronomy"
"2092",157,NA,"Sandia National Laboratories","Stats, Physics, Math, EnviroSci, CS, Chem, BioChem, Astronomy",TRUE,TRUE,"BS, MS, Ph.D.","FT, Intern","Yes","Astronomy","Astronomy"
"2101",166,NA,"Spredfast","All Majors",FALSE,FALSE,NA,"FT, Intern","Yes","Astronomy","Astronomy"
"2107",172,NA,"Target Corporation","All Majors",FALSE,FALSE,"BS, MS","FT, Intern","Yes","Astronomy","Astronomy"
"2111",176,NA,"Texas Commission on Environmental Quality","All Majors",FALSE,FALSE,"BA, MS","Intern","Yes","Astronomy","Astronomy"
"2113",178,NA,"Texas Water Development Board","All Majors",FALSE,FALSE,"BA, Cert, MS, Ph.D.","FT, Intern","Yes","Astronomy","Astronomy"
"2125",190,"Technology Start Up Village","Umbel","All Majors",FALSE,FALSE,"BA, Cert, MS, Ph.D.","FT, Intern","No","Astronomy","Astronomy"
"2131",196,NA,"US Marine Corps Officer Selection Team Austin, TX","All Majors",FALSE,FALSE,NA,"FT, Intern","Yes","Astronomy","Astronomy"
"2132",197,NA,"US Navy","All Majors",FALSE,FALSE,"BA","FT","Yes","Astronomy","Astronomy"
"2135",200,NA,"UT Health School of Biomedical Informatics at Hou","All Majors",FALSE,FALSE,"BA","FT","No","Astronomy","Astronomy"
"2147",212,NA,"WP Engine","All Majors",FALSE,FALSE,"BS","FT","Yes","Astronomy","Astronomy"
"2148",213,NA,"Xerox","All Majors",FALSE,FALSE,NA,"FT","No","Astronomy","Astronomy"
"2150",215,NA,"YES Prep Public Schools","All Majors",FALSE,FALSE,"BS, MS, Ph.D.","FT, Intern","No","Astronomy","Astronomy"
"2154",4,"Actuarial Section","AIG","All Majors",FALSE,FALSE,"BS, MS","FT, Intern","No","Public.Health","Public Health"
"2162",12,NA,"AmeriCorps","All Majors",FALSE,FALSE,"BS, Cert, MS","FT","Yes","Public.Health","Public Health"
"2165",15,NA,"Aon","All Majors",FALSE,FALSE,"BS","FT, Intern","Yes","Public.Health","Public Health"
"2175",25,NA,"Blue Cross and Blue Shield of IL, MT, OK, NM and TX","All Majors",FALSE,FALSE,NA,"FT, Intern","Yes","Public.Health","Public Health"
"2177",27,NA,"Booz Allen Hamilton","All Majors",FALSE,FALSE,"BS, MS","FT","Yes","Public.Health","Public Health"
"2181",31,"Actuarial Section","Burns and Wilcox","All Majors",FALSE,FALSE,NA,"FT, Intern","Yes","Public.Health","Public Health"
"2183",33,NA,"Capital One","Public Health, Physics, Math, EnviroSci, CS, Chem, Bio, BioChem, Astronomy",TRUE,TRUE,"BS","FT, Intern","Yes","Public.Health","Public Health"
"2186",36,NA,"Charles Schwab & Co.","All Majors",FALSE,FALSE,"BS, MS","FT, Intern","Yes","Public.Health","Public Health"
"2189",39,NA,"Citadel LLC","All Majors",FALSE,FALSE,NA,"FT, Intern","No","Public.Health","Public Health"
"2192",42,NA,"Civilian Logistics Career Management Office (CLCMO)","All Majors",FALSE,FALSE,NA,"FT, Intern","No","Public.Health","Public Health"
"2202",52,NA,"Cvent","All Majors",FALSE,FALSE,"BS, MS","FT","No","Public.Health","Public Health"
"2208",58,NA,"Dimensional Fund Advisors","All Majors",FALSE,FALSE,NA,"FT, Intern","Yes","Public.Health","Public Health"
"2233",83,NA,"Goldman Sachs","All Majors",FALSE,FALSE,"BS","Intern","No","Public.Health","Public Health"
"2241",91,NA,"HMS -Â­â (Health Management System)","All Majors",FALSE,FALSE,"BA","Intern","Yes","Public.Health","Public Health"
"2246",96,NA,"Identropy, Inc.","All Majors",FALSE,FALSE,NA,"FT","No","Public.Health","Public Health"
"2248",98,NA,"Information Technology Services at the University of Texas in Austin","All Majors",FALSE,FALSE,NA,"FT, Intern","Yes","Public.Health","Public Health"
"2266",116,"Actuarial Section","Mercer","Stats, Public Health, Math, CS",TRUE,TRUE,"BS","FT, Intern","Yes","Public.Health","Public Health"
"2274",124,NA,"o9 Solutions, Inc.","All Majors",FALSE,FALSE,NA,"FT, Intern","No","Public.Health","Public Health"
"2282",132,NA,"Peace Corps","All Majors",FALSE,FALSE,"BS, MS","FT","Yes","Public.Health","Public Health"
"2286",136,NA,"Periscope Holdings, Inc.","All Majors",FALSE,FALSE,NA,"FT","Yes","Public.Health","Public Health"
"2305",155,NA,"Rx Wiki","All Majors",FALSE,FALSE,NA,"FT","Yes","Public.Health","Public Health"
"2316",166,NA,"Spredfast","All Majors",FALSE,FALSE,NA,"FT, Intern","Yes","Public.Health","Public Health"
"2322",172,NA,"Target Corporation","All Majors",FALSE,FALSE,"BS, MS","FT, Intern","Yes","Public.Health","Public Health"
"2326",176,NA,"Texas Commission on Environmental Quality","All Majors",FALSE,FALSE,"BA, MS","Intern","Yes","Public.Health","Public Health"
"2328",178,NA,"Texas Water Development Board","All Majors",FALSE,FALSE,"BA, Cert, MS, Ph.D.","FT, Intern","Yes","Public.Health","Public Health"
"2330",180,NA,"The Blood & Tissue Center of Central Texas","Bio, Biochem, Chem, Stats, NeuroSci, HDFS, Public Health",FALSE,TRUE,NA,"FT, Intern","Yes","Public.Health","Public Health"
"2336",186,"Actuarial Section","Towers Watson","Stats, Public Health, Math",FALSE,TRUE,"BS, MS","FT, Intern","No","Public.Health","Public Health"
"2340",190,"Technology Start Up Village","Umbel","All Majors",FALSE,FALSE,"BA, Cert, MS, Ph.D.","FT, Intern","No","Public.Health","Public Health"
"2346",196,NA,"US Marine Corps Officer Selection Team Austin, TX","All Majors",FALSE,FALSE,NA,"FT, Intern","Yes","Public.Health","Public Health"
"2347",197,NA,"US Navy","All Majors",FALSE,FALSE,"BA","FT","Yes","Public.Health","Public Health"
"2350",200,NA,"UT Health School of Biomedical Informatics at Hou","All Majors",FALSE,FALSE,"BA","FT","No","Public.Health","Public Health"
"2362",212,NA,"WP Engine","All Majors",FALSE,FALSE,"BS","FT","Yes","Public.Health","Public Health"
"2363",213,NA,"Xerox","All Majors",FALSE,FALSE,NA,"FT","No","Public.Health","Public Health"
"2365",215,NA,"YES Prep Public Schools","All Majors",FALSE,FALSE,"BS, MS, Ph.D.","FT, Intern","No","Public.Health","Public Health"
"2369",4,"Actuarial Section","AIG","All Majors",FALSE,FALSE,"BS, MS","FT, Intern","No","HDFS","HDFS"
"2377",12,NA,"AmeriCorps","All Majors",FALSE,FALSE,"BS, Cert, MS","FT","Yes","HDFS","HDFS"
"2380",15,NA,"Aon","All Majors",FALSE,FALSE,"BS","FT, Intern","Yes","HDFS","HDFS"
"2390",25,NA,"Blue Cross and Blue Shield of IL, MT, OK, NM and TX","All Majors",FALSE,FALSE,NA,"FT, Intern","Yes","HDFS","HDFS"
"2392",27,NA,"Booz Allen Hamilton","All Majors",FALSE,FALSE,"BS, MS","FT","Yes","HDFS","HDFS"
"2396",31,"Actuarial Section","Burns and Wilcox","All Majors",FALSE,FALSE,NA,"FT, Intern","Yes","HDFS","HDFS"
"2401",36,NA,"Charles Schwab & Co.","All Majors",FALSE,FALSE,"BS, MS","FT, Intern","Yes","HDFS","HDFS"
"2404",39,NA,"Citadel LLC","All Majors",FALSE,FALSE,NA,"FT, Intern","No","HDFS","HDFS"
"2407",42,NA,"Civilian Logistics Career Management Office (CLCMO)","All Majors",FALSE,FALSE,NA,"FT, Intern","No","HDFS","HDFS"
"2417",52,NA,"Cvent","All Majors",FALSE,FALSE,"BS, MS","FT","No","HDFS","HDFS"
"2423",58,NA,"Dimensional Fund Advisors","All Majors",FALSE,FALSE,NA,"FT, Intern","Yes","HDFS","HDFS"
"2448",83,NA,"Goldman Sachs","All Majors",FALSE,FALSE,"BS","Intern","No","HDFS","HDFS"
"2456",91,NA,"HMS -Â­â (Health Management System)","All Majors",FALSE,FALSE,"BA","Intern","Yes","HDFS","HDFS"
"2461",96,NA,"Identropy, Inc.","All Majors",FALSE,FALSE,NA,"FT","No","HDFS","HDFS"
"2463",98,NA,"Information Technology Services at the University of Texas in Austin","All Majors",FALSE,FALSE,NA,"FT, Intern","Yes","HDFS","HDFS"
"2466",101,NA,"Jet Propulsion Laboratory","CS, EnviroSci, HDFS, Math Physics, Stats",TRUE,TRUE,"BA, MS, Ph.D.","FT, Intern","Yes","HDFS","HDFS"
"2489",124,NA,"o9 Solutions, Inc.","All Majors",FALSE,FALSE,NA,"FT, Intern","No","HDFS","HDFS"
"2497",132,NA,"Peace Corps","All Majors",FALSE,FALSE,"BS, MS","FT","Yes","HDFS","HDFS"
"2501",136,NA,"Periscope Holdings, Inc.","All Majors",FALSE,FALSE,NA,"FT","Yes","HDFS","HDFS"
"2520",155,NA,"Rx Wiki","All Majors",FALSE,FALSE,NA,"FT","Yes","HDFS","HDFS"
"2531",166,NA,"Spredfast","All Majors",FALSE,FALSE,NA,"FT, Intern","Yes","HDFS","HDFS"
"2537",172,NA,"Target Corporation","All Majors",FALSE,FALSE,"BS, MS","FT, Intern","Yes","HDFS","HDFS"
"2541",176,NA,"Texas Commission on Environmental Quality","All Majors",FALSE,FALSE,"BA, MS","Intern","Yes","HDFS","HDFS"
"2543",178,NA,"Texas Water Development Board","All Majors",FALSE,FALSE,"BA, Cert, MS, Ph.D.","FT, Intern","Yes","HDFS","HDFS"
"2545",180,NA,"The Blood & Tissue Center of Central Texas","Bio, Biochem, Chem, Stats, NeuroSci, HDFS, Public Health",FALSE,TRUE,NA,"FT, Intern","Yes","HDFS","HDFS"
"2555",190,"Technology Start Up Village","Umbel","All Majors",FALSE,FALSE,"BA, Cert, MS, Ph.D.","FT, Intern","No","HDFS","HDFS"
"2561",196,NA,"US Marine Corps Officer Selection Team Austin, TX","All Majors",FALSE,FALSE,NA,"FT, Intern","Yes","HDFS","HDFS"
"2562",197,NA,"US Navy","All Majors",FALSE,FALSE,"BA","FT","Yes","HDFS","HDFS"
"2565",200,NA,"UT Health School of Biomedical Informatics at Hou","All Majors",FALSE,FALSE,"BA","FT","No","HDFS","HDFS"
"2577",212,NA,"WP Engine","All Majors",FALSE,FALSE,"BS","FT","Yes","HDFS","HDFS"
"2578",213,NA,"Xerox","All Majors",FALSE,FALSE,NA,"FT","No","HDFS","HDFS"
"2580",215,NA,"YES Prep Public Schools","All Majors",FALSE,FALSE,"BS, MS, Ph.D.","FT, Intern","No","HDFS","HDFS"
"2624",44,NA,"Clover Network","CS, Physics, Math, Stats, TXA",TRUE,TRUE,NA,"FT, Intern","Yes","Other","TXA"
"2691",111,NA,"Macy's, Inc.","Textiles and Apparel, Stats, Math, CS",TRUE,TRUE,"BS","FT, Intern","Yes","Other","Textiles and Apparel"
"2760",180,NA,"The Blood & Tissue Center of Central Texas","Bio, Biochem, Chem, Stats, NeuroSci, HDFS, Public Health",FALSE,TRUE,NA,"FT, Intern","Yes","Other","NeuroSci"
"2772",192,NA,"Under Armour","Textiles and Apparel, Physics, Math, CS",TRUE,TRUE,"BS","Intern","No","Other","Textiles and Apparel"
"2781",201,NA,"UT Health Science Center at Tyler","Biochem, Bio, Chem, MedLabSci, Physics, HP",FALSE,FALSE,"BA","FT","Yes","Other","MedLabSci"
"2785",205,NA,"VML","CS, Physics, Math, Stats, TXA",TRUE,TRUE,NA,"FT, Intern","No","Other","TXA"
